Wine_ID,Taste_Note_1,Taste_Note_2,Taste_Note_3
6543677,"cedro, chocolate, roble","cereza negra, mora, ará...","cereza, arándano rojo, ..."
1633327,"mora, arándano, ciruela","vainilla, roble, chocol...","Terroso, cuero, humo"
1747114,"cereza, frambuesa, cere...","roble, vainilla","casis, mora"
9925138,No disponible,No disponible,No disponible
1611687,"Terroso, minerales, piz...","fruta negra, cereza neg...","cereza, arándano rojo, ..."
1242027,"roble, vainilla, tabaco","frambuesa, fresa, cerez...","ciruela, cereza negra, ..."
10782354,"frutos del bosque, merm...","chocolate amargo, vaini...",ciruela pasa
7039647,"fresa, cereza, frambues...","humo, tiza, minerales","manzana, drupa"
1222062,"fruta negra, casis, fru...","frutos rojos, cereza, f...","Terroso, hongo, Carne d..."
1135812,"roble, vainilla, tabaco","ciruela, mora, cereza n...","cereza, frutos rojos, f..."
1370897,mermelada de casis,hongo,aceite
14875,"mora, frutos del bosque...","café, roble, bebida col...","regaliz, enebro"
1370718,"roble, tabaco, chocolat...","cereza, frambuesa, frut...","pimienta, regaliz, orég..."
21584,"roble, vainilla, tabaco","ciruela, mora, frutos d...","cereza, frutos rojos, f..."
3384125,"frambuesa, fresa, cerez...","roble, tabaco, vainilla","mora, cereza negra, cir..."
1164451,"roble, vainilla, chocol...","ciruela, mora, frutos d...","pimienta, regaliz"
1141810,"roble, vainilla, tabaco","mora, ciruela, fruta ne...","cereza, frutos rojos, f..."
1614631,"fruta negra, mora, arán...","frambuesa, cereza, frut...","Terroso, cuero, grafito"
5926,"roble, vainilla, tabaco","ciruela, mora, casis","pimienta, regaliz, cane..."
1207136,"roble, vainilla, chocol...","ciruela, fruta negra, m...","cereza, fresa, frambues..."
1101044,"roble, tabaco, vainilla","cuero, humo, aceto bals...","cereza, frutos rojos, f..."
1224518,"aceto balsámico, sal, p...","clavo de olor, nuez mos...","fresa, frambuesa"
7169674,"ciruela, frutos del bos...","roble, chocolate, vaini...","cereza, cereza roja, fr..."
24227,"ciruela, mora, casis","roble, vainilla, clavo ...","pimienta, pimienta blan..."
1419316,"mora, ciruela, casis","roble, tabaco, chocolat...","cuero, humo, Terroso"
1721826,"roble, tabaco, clavo de...","ciruela, frutos del bos...","canela, pimienta, anís"
5528454,"chocolate, roble, tabac...","Terroso, cuero","cereza, cerezo ácido, f..."
7783711,"mora, ciruela, casis","roble, tabaco, cedro","cuero, Terroso, grafito"
1624380,"cereza, fresa","Terroso, minerales, pie...","mora, arándano"
1795366,"cereza, frutos rojos, f...","mora, frutos del bosque...","Terroso, cuero, humo"
1209866,"frambuesa, cereza roja,...","Terroso, miel, hongo","vainilla, roble, manteq..."
2031969,"roble, tabaco, vainilla","cereza, frambuesa, frut...","frutos del bosque, ciru..."
2195194,"ciruela, mora, fruta ne...","cereza, frambuesa, ciru...","roble, vainilla, cedro"
1948650,"roble, chocolate, tabac...","cereza, frutos rojos, f...","pimienta, regaliz, tomi..."
4286,"roble, clavo de olor, v...","cereza, fresa, frutos r...","cuero, humo, Terroso"
1443479,"cuero, Terroso, cacao","mora, ciruela, casis","tabaco, pimienta de Jam..."
3671112,frutos rojos,,
1213359,"mora, fruta negra, casi...","roble, tabaco, chocolat...","Terroso, cuero, humo"
1308115,"roble, vainilla, manteq...","ciruela, cereza negra, ...","Terroso, cacao, humo"
1171732,"roble, chocolate, vaini...","mora, ciruela, casis","Terroso, cuero, hongo"
1591264,"frutos rojos, cereza, g...","cereza negra, mora, fru...","humo, Terroso, cuero"
1242466,"casis, mora, casis","Terroso, cuero, mineral...","cereza, frambuesa, frut..."
1239157,"roble, tabaco, vainilla","mora, ciruela, fruta ne...","cuero, Terroso, humo"
2301739,"roble, vainilla, tabaco","cereza, frambuesa, frut...","aceituna negra, mora, c..."
9995402,"cuero, humo","canela, hierbas secas",roble
4309753,"cereza, arándano rojo, ...","Terroso, grafito, suelo...","cereza negra, mora, fru..."
4124393,"roble, chocolate, café","cereza, frambuesa, ciru...","pimienta, baya de enebr..."
1216047,"cereza, frutos rojos, f...","vainilla, roble, tabaco","humo, cuero, Terroso"
1196060,"cereza, frambuesa, frut...","Terroso, cuero, mineral...","roble, tabaco, vainilla"
1929639,"roble, vainilla, chocol...","ciruela, mora, fruta ne...","cuero, Terroso, humo"
1234896,"cereza, frambuesa, frut...","cuero, alquitrán, Carne...","roble, tabaco, café"
1459219,"mora, casis, cereza neg...","Terroso, cuero, sal","cereza, frambuesa, ciru..."
6716094,"fruta negra, ciruela, m...","Terroso, cuero, virutas...","tabaco, cedro, pimienta..."
6188526,"roble, vainilla, chocol...","cereza, frutos rojos, f...","pimienta, regaliz, cane..."
77990,"roble, vainilla, chocol...","ciruela, frutos del bos...","pimienta, pimienta blan..."
7153715,"cereza, fresa","vainilla, roble","Terroso, cuero"
5789519,"arándano, mora, ciruela","roble, cigarro, tabaco","pimienta, canela, regal..."
3691796,"frambuesa, frutos rojos...","cuero, Terroso, humo","ciruela, cereza negra, ..."
18768,"roble, vainilla, chocol...","cuero, Terroso, humo","ciruela, mora, cereza n..."
1460183,"cereza, fresa",pimienta,roble
2128843,"roble, vainilla, chocol...","cereza, frutos rojos, f...","mora, frutos del bosque..."
2076597,"vainilla, roble, chocol...","ciruela, mora, cereza n...","cuero, suelo del bosque..."
1126582,"vainilla, roble, café","cereza, frutos rojos, f...","humo, Terroso, grafito"
1176821,"cereza, fresa, cerezo á...","Terroso, cuero, hongo","roble, cedro, vainilla"
19579,"clavo de olor, roble, t...","cuero, Terroso, humo","mora, fruta negra, ciru..."
12482957,No disponible,No disponible,No disponible
1234536,"frambuesa, cereza, fres...","cuero, Terroso, humo","tabaco, roble, vainilla"
5392459,"fresa, frambuesa, cerez...","mora, cereza negra, fru...","pimienta, menta, hierba..."
1164962,"cereza negra, mora, cir...","anís, pimienta","chocolate, chocolate am..."
7484496,No disponible,No disponible,No disponible
77063,"roble, vainilla, chocol...","fruta negra, casis, fru...","cuero, humo, cacao"
6089073,"cereza, frambuesa, fres...","cuero, Terroso, hongo","vainilla, roble, tabaco"
8092834,"cereza, frambuesa, arán...","humo, pizarra","pimienta de Jamaica, cl..."
11202271,fruta negra,,
1881407,"roble, vainilla, chocol...","ciruela, mora, casis","cuero, humo, trufa negr..."
9332241,No disponible,No disponible,No disponible
6858543,"roble, vainilla, cedro","cuero, Terroso, ceniza","cereza negra, mora, fru..."
1250843,"frutos rojos, cereza, f...","pimienta, canela, eucal...","minerales, aceto balsám..."
1142007,"roble, chocolate, tabac...","ciruela, arándano, casi...","ciruela pasa, pasas de ..."
2559629,"cereza, frambuesa, frut...","roble, chocolate, vaini...","hongo, cuero, Terroso"
6083898,cuero,vainilla,cereza
1530504,"mora, casis, fruta negr...","minerales, humo, Terros...","roble, vainilla, chocol..."
1254019,"roble, chocolate, tabac...","mora, fruta negra, ciru...","cuero, Terroso, humo"
3534109,"cereza, frutos rojos, f...","arándano, cereza negra,...","roble, vainilla, chocol..."
8239038,"frambuesa, cerezo ácido",cítrico,pimienta
1519152,"cuero, Terroso, humo","cereza, frambuesa, fres...","roble, cigarrera, café"
8178421,"suelo del bosque, Terro...","frambuesa, cereza, arán...","cedro, vainilla, bebida..."
2052626,"cereza, fresa, frambues...","roble, vainilla, clavo ...","Terroso, cuero, aceto b..."
5492830,"mora, casis, ciruela",cereza,sándalo
1213195,"cereza, frutos rojos, f...","aceto balsámico, cuero,...","roble, vainilla, tabaco"
2018443,"roble, vainilla, chocol...","arándano, casis, mora","regaliz, pimienta, ment..."
1302589,"fresa, cereza, arándano...","cuero, Terroso, hongo","roble, vainilla, clavo ..."
2172044,"cereza, frambuesa, frut...","Terroso, cuero, humo","roble, tabaco, mantequi..."
1172842,"mora, ciruela, cereza n...","roble, chocolate, vaini...","cuero, humo, Terroso"
1651064,"mora, fruta negra, casi...","café, tabaco, chocolate","cuero, humo, cacao"
1141447,"roble, chocolate, tabac...","ciruela, mora, frutos d...","pasas de uva, fruta sec..."
1485668,"cuero, Terroso, humo","roble, tabaco, chocolat...","pimienta, regaliz, euca..."
1150726,"roble, cedro, vainilla","cereza, granada, frutos...","humo, cuero, Terroso"
10332462,cereza,"açaí, mermelada","piña verde, lichi"
11918432,No disponible,No disponible,No disponible
