0,1,2,3,4,5,6,7,8,ID
Terroso, cuero, virutas...,fresa, cereza, arándano...,frutos del bosque, merm...,,3105259
cereza, frutos rojos,,Terroso, piedra,,chocolate, tabaco, vain...,1280319
fresa, frambuesa, cerez...,casis, mora, fruta negr...,Terroso, minerales, cue...,6365197
No disponible,,,No disponible,,,No disponible,,,2573275
ciruela, fruta negra, c...,roble, vainilla, tabaco,cuero, Terroso, ceniza,1133110
ceniza, Terroso, minera...,arándano rojo, fresa sa...,,roble, bebida cola, cla...,5985946
aceto balsámico, suelo ...,,fresa deshidratada,,,naranja,,,6343332
roble, tabaco, vainilla,cuero, Terroso, humo,cereza, frambuesa, frut...,1302561
roble, vainilla, chocol...,mora, casis, cereza neg...,cereza, frambuesa, fres...,2735037
arándano, ciruela, mora,roble, vainilla, clavo ...,regaliz, pimienta blanc...,,3985319
No disponible,,,No disponible,,,No disponible,,,1283561
cereza,,,mermelada,,,ajedrea,,,1360802
humo, minerales, Terros...,cereza, cereza roja, fr...,roble,,,7706895
arándano,,,frambuesa,,,naranja,,,7118207
fresa, frutos rojos, ce...,minerales, Terroso, hum...,pimienta, salvia, hierb...,3869502
granada, frambuesa, fru...,cereza negra,,,hierba,,,6377476
cereza, frutos rojos, f...,vainilla, chocolate ama...,,cacao, Terroso, humo,1148198
roble, chocolate, café,frutos del bosque, ciru...,,cereza, fresa, frambues...,1135638
cacao, Carne de caza, j...,clavo de olor, café, ro...,cereza, cereza roja,,1373117
mora, arándano, frutos ...,pimienta, regaliz, ment...,chocolate, roble, choco...,1583754
roble, cedro, chocolate,cereza negra, mermelada,,frutos rojos,,,1278868
cereza, frutos rojos, f...,clavo de olor, roble, c...,cuero, Terroso, cacao,23370
frambuesa, fresa, cerez...,roble, clavo de olor, p...,eucalipto, menta, pimie...,2290754
fresa, arándano rojo, c...,cuero, Terroso, mineral...,regaliz, orégano, pimie...,5171873
pimiento,,,drupa,,,piedra,,,4904442
roble, vainilla, chocol...,mora, ciruela, fruta ne...,cuero, Terroso, humo,1291873
cereza negra, mora,,regaliz,,,chocolate amargo, tabac...,,2610358
roble, vainilla, tabaco,ciruela, mora, fruta ne...,cuero, Terroso, humo,1134068
cuero, humo, Terroso,tabaco,,,frutos rojos,,,6677896
Terroso,,,No disponible,,,No disponible,,,7182821
pizarra, Terroso, piedr...,cereza negra, fruta neg...,,ciruela roja, fresa sal...,,7179664
mermelada,,,vainilla,,,No disponible,,,11412217
frambuesa, fresa, cerez...,minerales, Terroso, hum...,pimienta, regaliz, tomi...,2266397
cereza, frutos rojos, f...,pimienta, anís,,cuero, minerales, Carne...,7314009
mora, ciruela, cereza n...,roble, vainilla, chocol...,cuero, aceto balsámico,...,1290219
mora,,,cuero,,,No disponible,,,8128046
cuero, Terroso, suelo d...,mora, frutos del bosque...,,roble, tabaco, vainilla,1600123
cereza, algodón de azúc...,,vainilla,,,No disponible,,,1307024
roble, clavo de olor, t...,cereza negra, fruta neg...,,humo, alquitrán,,1728096
cuero, Terroso, humo,ciruela, cereza negra, ...,cereza, guinda, frutos ...,2159584
vainilla, roble, tabaco,fruta negra, ciruela, f...,Terroso, minerales, cue...,2202125
vainilla, chocolate, ro...,frutos del bosque, ciru...,,cereza, frutos rojos,,4287458
cereza, frutos rojos, f...,roble, tabaco, vainilla,cuero, Terroso, hongo,1226450
ciruela, mora, arándano,roble, vainilla, café,cereza, frambuesa, frut...,1150779
Terroso, carne a la par...,,fruta negra, mora,,cereza,,,1664117
No disponible,,,No disponible,,,No disponible,,,2266422
ciruela, cereza negra, ...,cereza, frambuesa,,regaliz,,,1369787
roble, vainilla, cedro,cereza, frambuesa,,cereza negra, arándano,,1929610
cereza,,,caramelo, roble,,humo,,,1690434
cereza, fresa, frambues...,cuero, Terroso, hongo,roble, vainilla, tabaco,97283
fresa, cereza, arándano...,Terroso, minerales, hum...,arándano, mora, cereza ...,2554453
canela, regaliz, pimien...,cereza, frambuesa, gran...,Terroso, hongo, humo,1966864
fresa, cereza roja, fru...,vainilla, roble, mezcla...,regaliz, hinojo, anís,1443715
frutos rojos, cereza, f...,Terroso, cuero,,orégano, pimienta, rome...,4071897
No disponible,,,No disponible,,,No disponible,,,7328789
No disponible,,,No disponible,,,No disponible,,,4401644
fruta negra, casis,,cereza, frambuesa,,fruta seca,,,9204574
Terroso, grafito, cuero,frutos rojos, frambuesa...,,pimienta, menta, jalape...,1103262
vainilla, cigarro, choc...,mermelada, casis, cerez...,carne asada, humo, cuer...,1185921
ciruela, cereza negra, ...,Terroso, grafito, piedr...,cigarrera, cedro, choco...,93117
ciruela,,,roble,,,No disponible,,,1852007
frutos rojos,,,cacao,,,No disponible,,,1785575
cereza roja, cereza, ar...,Terroso, cuero, alquitr...,clavo de olor, roble, c...,1256966
humo, cuero, minerales,fresa, cereza, frutos r...,roble, tabaco, clavo de...,2482573
roble, coco, tabaco,fruta negra, mora, casi...,cereza, frutos rojos,,2607289
Terroso, minerales, hum...,fruta negra,,,frutos rojos,,,11219770
cereza negra, arándano,...,roble, vainilla, cedro,Terroso, Carne de caza,...,4152841
pimienta,,,No disponible,,,No disponible,,,6335734
Terroso, humo, cuero,cereza negra, ciruela,,roble, tabaco,,1186203
cereza, fresa, frambues...,roble, vainilla, manteq...,cuero, sal, Terroso,4314456
pimienta blanca, hierba...,,roble,,,ciruela roja,,,7710248
roble, tabaco, vainilla,cuero, Terroso, humo,frutos del bosque, ciru...,,1494577
cereza, fresa,,mermelada,,,humo,,,9231538
cereza, frutos rojos, f...,Terroso, minerales, cue...,roble, vainilla, chocol...,1175424
cereza negra, fruta neg...,,pimienta,,,clavo de olor,,,7804248
roble, vainilla, tabaco,fruta negra, mora, casi...,cuero, Terroso, humo,1175531
roble, bebida cola, tab...,cereza, bebida cola de ...,,cereza negra, fruta neg...,,11014675
mora, casis,,frambuesa,,,pimienta,,,8743487
mora,,,cereza,,,levadura,,,9164546
roble, vainilla, chocol...,mora, ciruela, frutos d...,cereza, frambuesa, fres...,5766586
No disponible,,,No disponible,,,No disponible,,,10211715
cuero, hierro, humo,roble, clavo de olor, c...,regaliz, almizcle,,1141287
ciruela, fruta negra, c...,cedro, roble, chocolate,cereza, frambuesa, frut...,1834632
tabaco dulce, vainilla,,frutos del bosque, arán...,,cereza,,,2116813
roble, tabaco, cedro,Terroso, cuero, humo,casis, mora, frutos del...,1675434
roble, chocolate, vaini...,ciruela, mora, fruta ne...,cuero, Terroso, humo,13371
cacao, Terroso, Carne d...,cereza, arándano rojo, ...,mora, frutos del bosque...,,7383505
Terroso, suelo del bosq...,,roble,,,ciruela pasa,,,1879204
hongo, Terroso,,cereza, frambuesa, ciru...,mora,,,6232586
mora, ciruela, mermelad...,regaliz, menta, ajedrea,mezcla de especias para...,,,8436799
No disponible,,,No disponible,,,No disponible,,,10958965
fresa, frambuesa, fruto...,humo, Terroso, minerale...,regaliz, pimienta, pimi...,1261039
mora, ciruela, fruta ne...,pimienta, pimienta blan...,,cereza, frutos rojos,,2107258
roble, vainilla, cedro,mora, fruta negra, casi...,cuero, Terroso, hongo,18799
roble, chocolate, vaini...,cereza, frambuesa, cere...,ciruela, mora, cereza n...,7395823
roble, tabaco, vainilla,cuero, Terroso, grafito,mora, fruta negra, cere...,1219699
fruta negra, mora, jamb...,roble, vainilla, carame...,frutos rojos, cereza, c...,9497762
caramelo, chocolate, ro...,Terroso, cuero, humo,frutos del bosque,,,7105940
cereza, arándano rojo, ...,mora, casis, cereza neg...,regaliz, almizcle,,1881912
cuero, Terroso, mineral...,tabaco, roble, clavo de...,ciruela, casis, cereza ...,1179465
mora, cereza negra, cir...,cuero, Terroso, hongo,pimienta blanca, pimien...,,1181447
cereza, frutos rojos, f...,Terroso, cuero, mineral...,roble, vainilla, tabaco,1123194
roble, tabaco, vainilla,cuero, aceto balsámico,...,cereza, cereza roja, fr...,1420652
fruta negra, casis, cer...,vainilla, roble, chocol...,cuero, Terroso, mineral...,2475833
cuero, Terroso, mineral...,cereza, frutos rojos, f...,roble, tabaco, clavo de...,79640
tabaco, vainilla, choco...,cuero, Terroso, suelo d...,cereza negra, mora, cas...,1101307
frutos rojos, cereza, g...,pimienta,,,chocolate, tabaco,,1150701
casis, fruta negra, cir...,roble, vainilla, tabaco,cuero, Terroso, humo,1211200
cereza, frutos rojos,,aceto balsámico, cuero,,tostada,,,1546843
cereza, frutos rojos, f...,Terroso, cuero, hongo,roble, tabaco, vainilla,2620585
arándano rojo, cereza, ...,Terroso, cuero, suelo d...,roble, chocolate, vaini...,2877909
aceto balsámico, Terros...,,cereza, frutos rojos, f...,frutos del bosque, casi...,,1696434
roble, tabaco, vainilla,frutos rojos, fresa, ce...,frutos del bosque, mora...,,1192767
cereza, frambuesa, frut...,Terroso, cuero, mineral...,ciruela, mora, casis,1223680
naranja,,,No disponible,,,No disponible,,,10536094
roble, vainilla,,cereza,,,No disponible,,,10918470
roble, vainilla, tabaco,cuero, Terroso, humo,cereza, frutos rojos, f...,1145899
cereza, frutos rojos, c...,cuero, Terroso, alquitr...,roble, tabaco, cedro,5666325
roble, vainilla, tabaco,mora, ciruela, fruta ne...,cereza, frutos rojos, f...,72634
romero, menta, eucalipt...,vainilla, roble, chocol...,cereza, frambuesa, cere...,1784146
mora,,,cuero,,,levadura,,,9662418
grosella roja, cereza, ...,ceniza, Terroso, minera...,chocolate, roble, vaini...,5850200
roble, tabaco, vainilla,heno, hierba,,frutos rojos,,,7436539
cereza, grosella roja,,vainilla, roble,,cacao, cuero, humo,2005984
No disponible,,,No disponible,,,No disponible,,,3810641
mora, casis, ciruela,cereza, frambuesa,,humo, trufa negra, carn...,2013852
frutos rojos,,,canela,,,Terroso,,,2580005
mora, cereza negra, fru...,cuero, humo,,roble, tabaco, clavo de...,8122074
cereza, frambuesa, arán...,roble, clavo de olor, v...,ciruela, cereza negra, ...,779238
tomillo,,,cereza,,,ciruela,,,1824076
roble, vainilla, tabaco,ciruela, cereza negra, ...,arándano rojo, fresa,,1984066
suelo del bosque, Carne...,,casis, mermelada,,mezcla de especias para...,,,7783134
Terroso, hongo, mineral...,mora, mermelada de mora...,,fresa, cereza, frutos r...,1239077
No disponible,,,No disponible,,,No disponible,,,11777262
cereza negra, mora, cas...,vainilla, mantequilla,,frambuesa, cereza roja,,1728951
cuero, Terroso, alquitr...,tabaco, roble, vainilla,cereza, frutos rojos, c...,1203251
cereza, frambuesa, arán...,cuero, Terroso, cacao,roble, tabaco, mezcla d...,1523831
vainilla, chocolate, ca...,higo seco, tostada,,cereza, frambuesa, frut...,1586861
fruta negra, mora,,No disponible,,,No disponible,,,10182075
chocolate, roble, vaini...,mora, cereza negra, mer...,cereza, cereza roja, fr...,84862
roble, vainilla, chocol...,cereza, frambuesa, fres...,hierro, cacao, Terroso,1158112
cereza, fresa,,No disponible,,,No disponible,,,9823185
heno,,,minerales,,,No disponible,,,8990836
mora, ciruela, frutos d...,vainilla, chocolate, ro...,cereza, frutos rojos, f...,1200283
No disponible,,,No disponible,,,No disponible,,,12072602
fruta negra, mora, frut...,roble, clavo de olor, t...,pimienta, canela, romer...,4607101
frambuesa, cereza, frut...,ceniza, Terroso, humo,caramelo, tabaco,,7666071
Terroso, cuero, trufa n...,cereza, frutos rojos, f...,roble, vainilla, chocol...,1184699
chocolate, tabaco, taba...,cereza negra,,,No disponible,,,1426994
casis, arándano, zarza,frutos rojos,,,cacao,,,6681349
cereza, fresa, frambues...,roble, vainilla, chocol...,mora, mermelada, fruta ...,1143981
No disponible,,,No disponible,,,No disponible,,,3495289
mora, mermelada, casis,cuero, aceto balsámico,...,pimienta, canela,,1589301
vainilla, roble, cedro,ciruela, mora, fruta ne...,cuero, aceto balsámico,...,5901247
roble, chocolate, tabac...,pasas de uva, fruta sec...,,cacao, Terroso, humo,8902461
Terroso, cuero, mineral...,tabaco, roble, clavo de...,cereza, frutos rojos, c...,1899369
roble, chocolate, vaini...,ciruela, casis, fruta n...,cuero, Terroso, mineral...,1202814
roble, vainilla, chocol...,mora, ciruela, arándano,frambuesa, cereza, frut...,1783619
roble, vainilla, tabaco,mora, casis, arándano,cereza, frambuesa, frut...,9997
fruta negra, ciruela, m...,roble,,,arándano rojo,,,10938437
fresa, frutos rojos,,roble, caramelo, vainil...,Terroso, cuero,,2891155
cereza negra, ciruela, ...,cereza, cerezo ácido, b...,regaliz, canela, pimien...,7287742
vainilla, roble, tabaco,cereza, frambuesa, cere...,cuero, Terroso, suelo d...,21074
roble, vainilla, chocol...,casis, frutos del bosqu...,,grafito, aceto balsámic...,,4362433
cereza, arándano rojo, ...,fruta negra, ciruela es...,,Terroso, cuero, piedra,11145159
arándano rojo, granada,...,pomelo, cítrico,,suelo del bosque, Terro...,,6910000
roble, tabaco, vainilla,casis, ciruela, mora,cuero, Terroso, humo,1874
mora, cereza negra, fru...,aceto balsámico, Terros...,,café, roble, tabaco,9091520
roble, tabaco, cedro,cereza, frutos rojos, f...,Terroso, cuero, cacao,1812267
roble, tabaco,,frutos del bosque,,,No disponible,,,11045602
cereza, frambuesa, frut...,clavo de olor, roble, t...,mora, cereza negra, cir...,1715158
cereza, fresa, frutos r...,ciruela, mermelada, cas...,pimienta, tomillo, rome...,1250658
cereza, frutos rojos, f...,roble, chocolate, vaini...,pasas de uva, ciruela p...,,3049283
ciruela, fruta negra, m...,pimienta, regaliz, cane...,cereza, frambuesa, frut...,5213875
roble, pacana, tabaco,humo, piedra,,mora, arándano,,13623
cereza negra, frutos de...,,ciruela roja, cereza, f...,regaliz, eucalipto,,5443998
frambuesa, cereza, fres...,Terroso, cuero, aceto b...,roble, caramelo, incien...,1548332
tabaco, clavo de olor, ...,Terroso, cuero, humo,ciruela, cereza negra,,1371684
No disponible,,,No disponible,,,No disponible,,,11302937
fresa, frambuesa, fruto...,cuero, Terroso, mineral...,ciruela, arándano, mora,7012429
roble, café, vainilla,Terroso, humo,,mermelada, cereza negra...,,9819244
roble, chocolate, clavo...,mora, ciruela, casis,cereza, frambuesa, cere...,6639913
frambuesa, cereza, arán...,Terroso, humo, olla de ...,regaliz, pimienta, almi...,7195348
cereza,,,cuero,,,sabor a nuez,,,1217244
Terroso, humo,,frutos rojos,,,cedro,,,5206783
No disponible,,,No disponible,,,No disponible,,,4712534
mora, ciruela, frutos d...,roble, vainilla, tabaco,cereza, fresa, frutos r...,4342380
mora, ciruela, zarza,cereza, frambuesa, fres...,vainilla, tabaco, choco...,1642171
regaliz, pimienta, pimi...,frutos rojos,,,violeta,,,4525838
fruta negra, cereza neg...,,cuero, pizarra,,regaliz, romero,,5758892
mora, mermelada, fruta ...,roble, tabaco, café,cuero, Terroso, suelo d...,1571274
fresa, cereza, frutos r...,Terroso, minerales, hum...,pimienta, pimienta blan...,,5029953
cereza, fresa, frambues...,pimienta, regaliz, ment...,mora, arándano, ciruela,3584126
cereza, fresa, frambues...,minerales, Terroso, cue...,ciruela, frutos del bos...,,1516794
roble, vainilla, chocol...,mora, ciruela, frutos d...,cereza, frambuesa, frut...,4506
cuero, Carne de caza,,tabaco,,,mora,,,1366413
No disponible,,,No disponible,,,No disponible,,,7312900
roble, vainilla, tabaco,ciruela, mora, fruta ne...,cuero, humo, Terroso,1199057
mora, fruta negra, casi...,tabaco, cedro, chocolat...,frambuesa, frutos rojos...,,4784293
mora, ciruela, casis,cuero, humo, Terroso,pimienta, anís, hierbas...,5995003
cereza, fresa, frambues...,vainilla, chocolate, ce...,cuero, aceto balsámico,...,1249952
cuero, humo, Terroso,mora, ciruela, fruta ne...,roble, tabaco, chocolat...,4716633
cereza, fresa, frutos r...,roble, mezcla de especi...,,Terroso, cuero, aceto b...,1399714
chocolate, roble, vaini...,ciruela, arándano, casi...,cereza, fresa,,10067679
caramelo, chocolate, ro...,frutos rojos, fresa,,cereza negra, frutos de...,,7102196
cereza, fresa, frambues...,Terroso, cuero, hongo,pimienta, regaliz, pimi...,1084764
cereza, frambuesa, fres...,Terroso, minerales, hon...,arándano, ciruela, merm...,1241009
frambuesa, cereza, arán...,aceto balsámico, Terros...,,mora, ciruela, fruta ne...,6123657
frambuesa, arándano roj...,,regaliz, canela, hierba...,cuero, Terroso, hongo,7777697
arándano, mermelada,,queso,,,No disponible,,,9691161
fresa, cereza roja, fru...,roble,,,cereza negra, fruta neg...,,2158459
cereza, frutos rojos, f...,cereza negra, mora, cas...,roble, tabaco, tofi,5987334
pimiento asado,,,No disponible,,,No disponible,,,9085549
cereza, frambuesa, frut...,violeta, pétalo de rosa,,mermelada, ciruela agri...,,2694784
cereza, arándano rojo, ...,Terroso, cuero, hongo,roble, cedro, chocolate,7210144
cuero, hongo, Terroso,tabaco, vainilla,,casis, mora,,1462797
cuero, humo, minerales,cereza, frambuesa, frut...,cereza negra, mermelada...,,2672534
frutos rojos, cereza, f...,Terroso, minerales, hie...,vainilla, roble, cedro,89833
No disponible,,,No disponible,,,No disponible,,,11063520
fruta negra, frutos del...,,No disponible,,,No disponible,,,1961351
chocolate, café, tabaco,mora, casis, casis,higo,,,4018591
roble, chocolate, mante...,Terroso, tiza, cuero,cereza, fresa, frambues...,1467833
casis,,,mentol, pimienta,,Terroso, minerales,,1165431
cereza, fresa, frambues...,roble, vainilla, tabaco,pimienta,,,10619877
mora, arándano, casis,tabaco, roble, mezcla d...,cuero, Terroso, cacao,2055411
cereza, arándano rojo, ...,vainilla, mezcla de esp...,,cuero, suelo del bosque...,,1656315
roble, chocolate, tabac...,ciruela, mora, frutos d...,Terroso, cuero, humo,1169652
cereza, frutos rojos, f...,mora, cereza negra, ará...,roble, vainilla, chocol...,1189450
roble, vainilla, carame...,fruta negra, ciruela, m...,cacao, humo, cuero,1765097
roble, vainilla, tabaco,ciruela, arándano, frut...,cuero, Terroso, humo,1165475
roble, chocolate, coco,mora, arándano, zarza,cereza, frutos rojos, c...,1927267
roble, tabaco, vainilla,fruta negra, cereza neg...,,cuero, humo, Terroso,2059635
roble, vainilla, tabaco,cuero, Terroso, aceto b...,cereza, frutos rojos, f...,1199781
cereza,,,vainilla,,,No disponible,,,6313885
roble, tabaco,,cereza negra, zarza,,cuero, Terroso,,1241440
roble, chocolate, vaini...,mora, casis, frutos del...,cuero, Terroso, mineral...,1180600
vainilla, roble, chocol...,mora, cereza negra, cas...,Terroso, cuero,,3004992
cereza, frambuesa, frut...,cereza negra, mora, ará...,pimienta verde, pimient...,,1367800
cereza, frutos rojos, f...,vainilla, roble, tabaco,humo, cuero, hongo,1982336
roble, vainilla, chocol...,mora, fruta negra, ciru...,cuero, Terroso, humo,1191230
roble, cedro, chocolate,frutos rojos, cereza,,Terroso, cuero, hongo,1607033
Terroso, cuero, humo,roble, tabaco, vainilla,cereza, frambuesa, fres...,1202731
cuero, Terroso, aceto b...,roble, tabaco, vainilla,cereza, frutos rojos, f...,1173325
cereza, cereza roja, ce...,roble, clavo de olor, v...,canela, regaliz, pimien...,5449741
chocolate, café, tabaco...,fruta negra, arándano, ...,cereza, frutos rojos, f...,1212594
chocolate amargo, choco...,,cacao, aceto balsámico,...,cereza, frambuesa, frut...,1161022
ciruela, mora, casis,roble, vainilla, chocol...,cuero, Terroso, humo,1221428
ciruela, frutos del bos...,,roble, tabaco, vainilla,cereza, frutos rojos, c...,2040275
roble, vainilla, chocol...,mora, arándano, cereza ...,cereza, grosella roja, ...,6917981
fresa, cereza, frambues...,Terroso, humo, hongo,roble, caramelo, chocol...,2388389
roble, tabaco, caramelo,cereza, frambuesa, fres...,ciruela, cereza negra,,7290507
cereza, frambuesa, cere...,roble, clavo de olor, t...,ciruela, fruta negra, m...,1902965
arándano rojo, cereza, ...,Terroso, cuero, humo,regaliz, menta, orégano,5612484
cereza, frambuesa, fres...,Terroso, minerales, hon...,mora, ciruela, cereza n...,1484764
roble, vainilla, chocol...,mora, ciruela, frutos d...,cuero, Terroso, humo,7980485
café, chocolate, roble,fruta negra, ciruela, m...,cuero, Terroso, humo,1372976
Terroso, cuero, humo,ciruela, cereza negra, ...,roble, tabaco, vainilla,1151249
cereza, cereza roja, fr...,vainilla, roble, tabaco,cuero, suelo del bosque...,,10718390
chocolate, vainilla, ro...,casis, ciruela, cereza ...,cereza, frutos rojos, f...,1227701
cereza, frambuesa, frut...,cuero, hongo, humo,roble, cedro, vainilla,2409595
roble, chocolate, tabac...,mora, ciruela, fruta ne...,cuero, Terroso, humo,1127288
vainilla, café, chocola...,arándano, fruta negra, ...,cuero, Terroso, solució...,1241150
roble, vainilla, clavo ...,frutos del bosque, cere...,,cereza, fresa,,5706059
No disponible,,,No disponible,,,No disponible,,,6858544
fresa, frambuesa, fruto...,Terroso, hongo, humo,roble, vainilla, tabaco,1153024
cereza, grosella roja,,fruta negra,,,hibiscos,,,10722615
menta, eucalipto, regal...,casis, casis, ciruela,chocolate, chocolate am...,,76169
ciruela, frutos del bos...,,roble, chocolate, cedro,pimienta, pimienta blan...,,1553460
ciruela, mora, arándano,roble, caramelo, cedro,pimienta blanca, pimien...,,75989
Terroso, cuero, suelo d...,mora, ciruela, cereza n...,cereza, frutos rojos, f...,2248147
roble, chocolate, choco...,cuero, humo, Carne de c...,ciruela, mora, casis,1731057
roble, vainilla, cigarr...,cuero, hongo, humo,cereza,,,5512161
cereza, frambuesa, cere...,Terroso, hierro,,violeta,,,6270384
cuero, Terroso, humo,mora, arándano, fruta n...,cereza, bebida cola de ...,,5530829
cereza, fresa, frutos r...,minerales, Terroso, hum...,roble, vainilla, chocol...,4653799
mora, fruta negra, casi...,roble, tabaco, vainilla,cuero, Terroso, humo,1117453
frutos rojos, frambuesa...,,Terroso, minerales, hum...,roble, tabaco, cigarro,7206546
frutos rojos, cereza, f...,cuero, Terroso, mineral...,ajedrea, pimienta blanc...,,1316501
fresa, frambuesa, cerez...,aceto balsámico, humo, ...,roble, chocolate amargo...,,1286402
roble, vainilla, chocol...,fruta negra, mora, cere...,Terroso, cuero, humo,2895131
roble, chocolate, vaini...,cereza, frutos rojos, f...,cuero, aceto balsámico,...,1257829
mora, cereza negra, mer...,tabaco, mezcla de espec...,,cuero, minerales, humo,1658625
roble, vainilla, tabaco,ciruela, cereza negra, ...,cuero, humo, Terroso,1166432
frambuesa, cereza, cere...,mora, ciruela, cereza n...,regaliz, pimienta, cane...,6111676
tabaco, roble, vainilla,casis, mora, ciruela,pimienta, regaliz, cane...,1927946
roble, tabaco, vainilla,mora, ciruela, frutos d...,Terroso, humo, cuero,23783
roble, tabaco, chocolat...,humo, cuero, Terroso,cereza, frutos rojos, c...,1221846
cuero, Terroso, hongo,roble, vainilla, tabaco,cereza, frutos rojos, f...,71594
roble, café, tabaco,cereza, frambuesa, arán...,mora, cereza negra, cas...,2383013
No disponible,,,No disponible,,,No disponible,,,11535972
tabaco, café, roble,cuero, Terroso, humo,mora, ciruela, fruta ne...,77029
ciruela, arándano, mora,Terroso, cuero, hongo,clavo de olor, tabaco, ...,1205167
cereza, frutos rojos, f...,roble, chocolate, mante...,Terroso, cuero, mineral...,1900616
fresa, cereza, frambues...,Terroso, cuero, suelo d...,vainilla, chocolate, ro...,1241236
cereza, fresa, arándano...,roble, mantequilla, vai...,Terroso, cuero, humo,1199045
cuero, Terroso, alquitr...,tabaco, roble, vainilla,cereza, fresa, frambues...,1154338
mora, arándano, casis,tabaco, roble, cedro,cuero, Terroso, grafito,1822321
casis, mora, casis,chocolate, tabaco, vain...,cuero, minerales,,1986568
tabaco, chocolate, robl...,Terroso, hongo, mineral...,frambuesa, frutos rojos...,,2339228
cereza, frambuesa, fres...,Terroso, Carne de caza,...,ciruela, cereza negra, ...,1406409
cereza, frambuesa, gros...,suelo del bosque, cuero...,,heno,,,2138666
roble, vainilla, tabaco,mora, ciruela, casis,cuero, humo, Terroso,1637564
cereza negra, mora, cas...,roble, mantequilla, cig...,pimienta, canela, hierb...,5392461
Terroso, minerales, hon...,cereza roja, frutos roj...,,roble, pacana, tabaco,1150405
ciruela, mora, arándano,roble, vainilla, chocol...,pimienta, regaliz, euca...,13556
roble, tabaco, vainilla,ciruela, mora, casis,cuero, Terroso, humo,85159
cereza, frambuesa, frut...,Terroso, hongo, cuero,roble, vainilla, clavo ...,66874
mora, ciruela, casis,roble, tabaco, chocolat...,cereza, frutos rojos, f...,1229120
mora, ciruela, frutos d...,cereza, frutos rojos, f...,cuero, Terroso, humo,2221958
cereza, frambuesa, fres...,roble, vainilla, cedro,Terroso, humo, hongo,1773506
casis, ciruela, mora,roble, café, chocolate ...,Terroso, Carne de caza,...,20130
chocolate, tabaco, vain...,ciruela, cereza negra, ...,cereza,,,5839110
mora, casis, cereza neg...,roble, tabaco, vainilla,pimienta, pimienta blan...,,1591308
cuero, Terroso, humo,roble, tabaco, vainilla,cereza, frutos rojos, a...,1473682
pimienta,,,No disponible,,,No disponible,,,6823014
cereza, granada, cereza...,chocolate para cocinar,...,,Terroso, minerales, hum...,1911463
cereza,,,pimienta,,,roble,,,9338303
fresa, frambuesa, cerez...,suelo del bosque, Terro...,,roble, cedro, nuez mosc...,1318331
cereza, frambuesa, frut...,Terroso, minerales, hum...,roble, vainilla, cedro,2387756
frambuesa, frutos rojos...,,Terroso, minerales, ace...,roble, chocolate, cedro,5332825
Terroso,,,No disponible,,,No disponible,,,6402280
frutos rojos, cereza, f...,fruta negra, frutos del...,,Terroso, suelo del bosq...,,1183783
roble, tabaco, vainilla,cereza, frambuesa, frut...,Terroso, cuero, mineral...,6170313
fruta negra, ciruela, m...,cedro, eneldo, roble,cuero, Terroso,,1386963
roble, vainilla, tabaco,fruta negra, mora, casi...,cereza, frambuesa, arán...,3611492
fresa, cereza,,aceto balsámico, cuero,...,chocolate, tabaco,,1183006
cereza negra, ciruela, ...,cereza, frambuesa, frut...,cuero, Terroso, mineral...,1671765
caucho,,,roble,,,No disponible,,,1510795
roble, vainilla, tabaco,ciruela, mora, cereza n...,cuero, humo, Terroso,1445721
cereza, grosella roja, ...,casis,,,roble,,,2969493
roble, vainilla, cedro,cereza, fresa, salsa de...,mora, cereza negra, cas...,1939301
roble, vainilla, tabaco,cereza, fresa, frutos r...,mora, ciruela, fruta ne...,1817570
fresa, cereza, frambues...,cuero, minerales, Terro...,frutos del bosque, mora...,,3607970
mora, arándano, ciruela,vainilla,,,No disponible,,,3973511
frambuesa, fresa, cerez...,hongo, Terroso, sílex,mora, cereza negra, fru...,4156410
cereza, frutos rojos, f...,pimienta, tomillo,,clavo de olor, tabaco,,7601210
casis, casis, ciruela,Terroso, cuero, hongo,frambuesa, cereza, gros...,1858021
roble, vainilla, chocol...,ciruela, arándano, mora,Terroso, cuero, humo,1167755
cereza, fresa, cereza r...,Terroso, cuero, especia...,eneldo, vainilla, roble,1245734
roble, vainilla, tabaco,ciruela, fruta negra, c...,humo, cuero, Terroso,1217408
Terroso, cuero, cacao,mora, fruta negra, merm...,frambuesa, fresa, cerez...,5306821
cereza, fresa, frambues...,cuero, Terroso, hierro,roble, tabaco, cedro,1550204
vainilla, roble, tabaco,casis, mora, ciruela,cuero, Terroso, humo,2130465
ciruela, mora, frutos d...,roble, vainilla, chocol...,cuero, humo, Terroso,2639906
frambuesa, frutos rojos...,,pimienta molida, hierba...,,roble, chocolate,,2918930
chocolate, roble, café,casis, mora, arándano,cuero, ceniza, piedra t...,1408852
mora, ciruela, casis,cereza, frambuesa, cere...,hongo, cuero, Terroso,1150840
roble, vainilla,,mora,,,cereza,,,8031671
roble, mantequilla, cho...,ciruela, mora, fruta ne...,regaliz, pimienta, cane...,1256751
cereza, arándano rojo, ...,chocolate, roble, cigar...,pasas de uva, tarta de ...,,2398536
ciruela, fruta negra, m...,cuero, minerales, aceto...,café, tabaco, caramelo,1125614
mora, ciruela, cereza n...,cuero, cera,,cigarrera, roble, tabac...,1549434
fresa, frambuesa,,cereza negra, casis, ar...,Terroso, humo,,7200926
hongo,,,No disponible,,,No disponible,,,9369077
casis, ciruela, cereza ...,roble, tabaco, vainilla,cuero, Terroso, suelo d...,6738169
frutos del bosque, mora...,,roble,,,cereza, fresa,,1915698
cereza, fresa salvaje, ...,Terroso, minerales, cue...,mermelada, casis,,1757162
fruta negra, mora, frut...,Terroso, cuero, trufa n...,tabaco, roble, chocolat...,88750
cereza negra, fruta neg...,,Terroso, cuero, humo,pimienta, canela, caram...,3424391
cereza, arándano rojo, ...,minerales, suelo del bo...,,roble, tabaco, chocolat...,7582831
cereza, fresa, frambues...,Terroso, cuero, humo,roble, chocolate, cedro,4657570
cereza, frutos rojos, c...,frutos del bosque, mora...,,Terroso, humo, suelo de...,3980459
ciruela, mora, casis,roble, vainilla, chocol...,cuero, Terroso, humo,1455634
fresa, frambuesa, cerez...,Terroso, minerales, hon...,roble, vainilla, tabaco,1100748
frambuesa, arándano roj...,,Terroso, minerales, tiz...,frutos del bosque, cere...,,10324543
roble, vainilla, tabaco,cereza, frutos rojos, f...,cuero, Terroso, alquitr...,1476643
cuero, Terroso, alquitr...,cereza, frutos rojos, f...,roble, tabaco, vainilla,2399830
roble, tabaco, vainilla,casis, mora, ciruela,Terroso, cuero, humo,1127898
cereza, frutos rojos, f...,Terroso, suelo del bosq...,,fruta negra, ciruela, c...,1234367
cuero, Terroso, hongo,cereza, frambuesa, frut...,tabaco, roble, vainilla,2246612
cereza, frambuesa, cere...,Terroso, jengibre, hier...,ajedrea, pimienta,,2010947
roble, chocolate, vaini...,mora, ciruela, fruta ne...,cereza, fresa, frutos r...,6305088
cuero, Terroso, alquitr...,cereza, frutos rojos, g...,roble, tabaco, chocolat...,1626052
mora, cereza negra, cas...,cereza, frutos rojos, f...,cuero, Terroso, hongo,1236889
pimienta, ajedrea, pimi...,ciruela, cereza negra, ...,roble, cedro, chocolate,2040105
fresa, frambuesa, cerez...,minerales, Terroso, cue...,arándano, mermelada, ci...,5312313
mora, ciruela, arándano,cereza, frutos rojos, f...,Terroso, minerales, hum...,8464099
cereza, frambuesa, frut...,Terroso, cuero, suelo d...,roble, vainilla, tabaco,1210262
roble, vainilla, tabaco,casis, casis, mora,cuero, Terroso, humo,1455317
Terroso, cuero, mineral...,mora, mora madura, frut...,roble, tabaco,,2779113
mora, ciruela, fruta ne...,roble, cedro, vainilla,frutos rojos, cereza, g...,1369553
cereza, fresa, frambues...,Terroso, humo, cuero,roble, vainilla, chocol...,2018570
ciruela, cereza negra, ...,roble, vainilla, chocol...,regaliz, pimienta blanc...,,1951473
mora, fruta negra, jamb...,chocolate, roble, tabac...,cuero, ceniza, suelo de...,1623930
cereza, frambuesa, fres...,Terroso, hongo, cuero,roble, vainilla, tabaco,79393
roble, tabaco, vainilla,mora, ciruela, cereza n...,cuero, Terroso, humo,19225
cereza, frambuesa, frut...,caramelo, cedro, clavo ...,canela, pimienta, estra...,6234010
ciruela, mora, cereza n...,roble, vainilla, tabaco,cuero, Terroso, cacao,1170666
arándano rojo, ciruela ...,,arándano, mermelada,,caramelo de regaliz,,,6454746
roble, vainilla, tabaco,cereza, fresa, frutos r...,cuero, Terroso, humo,1136391
mora, casis, frutos del...,Terroso, suelo del bosq...,,roble,,,7070172
fresa, cereza, frambues...,suelo del bosque, Terro...,,roble, cedro, mantequil...,2575366
cuero, cacao, humo,roble, chocolate, cedro,cereza, frutos rojos, c...,1228683
roble, bebida cola, car...,suelo del bosque, hongo...,,cereza, fresa, arándano...,5109339
cuero, minerales, suelo...,cereza, frambuesa, cere...,fruta negra, mora, arán...,1376262
cereza, frambuesa, fres...,peonía, violeta,,Polvo de 5 especias, an...,,2638448
cereza negra, ciruela, ...,regaliz, hierbas secas,...,cuero, aceto balsámico,...,2369205
mora, fruta negra, ciru...,cereza, frambuesa, frut...,roble, chocolate para c...,,5946392
roble, café, chocolate,Terroso, cuero, humo,ciruela, mora, cereza n...,1316607
chocolate, roble, café,ciruela, cereza negra, ...,cereza, frutos rojos, c...,5032035
No disponible,,,No disponible,,,No disponible,,,2013704
roble, chocolate, vaini...,ciruela, cereza negra, ...,cereza, frambuesa, arán...,1163781
guinda, granada, frutos...,frutos del bosque,,,vainilla,,,4185576
roble, vainilla, tabaco,cuero, Terroso, humo,mora, ciruela, fruta ne...,1168975
fresa, frambuesa, cerez...,roble, clavo de olor, t...,casis, casis, cereza ne...,2290004
roble, vainilla, chocol...,cereza,,,fruta negra,,,1216135
frambuesa, cereza, fres...,Terroso, minerales, hum...,roble, chocolate, tabac...,3810354
roble, vainilla, tabaco,cereza, frutos rojos, f...,ciruela, mora, casis,78766
roble, tabaco, vainilla,mora, ciruela, cereza n...,cuero, cacao, Terroso,1231102
mora, frutos del bosque...,,cereza, frambuesa, frut...,cigarro, chocolate, tab...,3396261
cereza, frambuesa, frut...,cuero, Terroso, hongo,roble, tabaco, clavo de...,1465621
fruta negra, mora, cere...,clavo de olor, roble, t...,cereza, cereza roja, fr...,4498061
mora, ciruela, cereza n...,cigarro, roble, vainill...,cereza, cereza roja, fr...,6972310
roble, chocolate, cigar...,cereza, frutos rojos, f...,humo,,,1571186
cereza, frutos rojos, f...,hongo, Terroso, cuero,roble, tabaco, vainilla,5762395
cereza, fresa, frutos r...,roble, vainilla, clavo ...,Terroso, minerales, hon...,2095906
mora, arándano, ciruela,vainilla, roble, chocol...,frutos rojos, cereza ro...,,7088812
vainilla, roble, tabaco,cereza, frutos rojos, f...,ciruela, mora, arándano,96381
chocolate, roble, vaini...,ciruela, mora, cereza n...,cuero, Terroso, humo,1137663
cereza, arándano rojo, ...,Terroso, suelo del bosq...,,roble, tabaco, vainilla,1769302
cereza, fresa, frambues...,cuero, Terroso, suelo d...,ciruela, frutos del bos...,,1600469
cereza, frambuesa, fres...,cuero, Terroso, cacao,tabaco, roble, vainilla,1396675
vainilla, chocolate, ca...,pasas de uva, pasas de ...,,ciruela, casis,,1813886
frutos rojos, cereza, f...,ciruela, casis, frutos ...,roble, chocolate, café ...,1295907
roble, chocolate, vaini...,mora, ciruela, frutos d...,cereza, frambuesa, frut...,1756193
roble, chocolate amargo...,,cuero, aceto balsámico,...,ciruela, fruta negra, m...,1529449
casis, arándano, ciruel...,chocolate, roble, tabac...,Terroso,,,1586066
mora, ciruela, cereza n...,cuero, Carne de caza, T...,roble, vainilla, mezcla...,5746735
roble, chocolate, tabac...,mora, fruta negra, ciru...,cuero, minerales, aceto...,1592217
cereza, frutos rojos, c...,cuero, trufa negra, alq...,ciruela, arándano, frut...,1485162
mora, cereza negra, cir...,cuero, humo, Carne de c...,pimienta, regaliz, anís,1410132
roble, café, vainilla,arándano, fruta negra, ...,pimienta, canela, regal...,1970960
humo, Terroso, cuero,frambuesa, fresa, cerez...,pimienta, menta, tomill...,3757074
cereza, frutos rojos, f...,roble, tabaco, vainilla,aceto balsámico, cuero,...,1174293
vainilla, roble, chocol...,ciruela, mora, fruta ne...,cereza, frutos rojos, f...,1926947
vainilla, roble, cedro,cereza negra, mora, cas...,Terroso, cuero, aceto b...,3429183
roble, vainilla, tabaco,mora, fruta negra, ciru...,cuero, minerales, humo,6153610
roble, vainilla, carame...,cuero, humo, Terroso,frutos rojos, cereza, f...,1951020
roble, tabaco, chocolat...,cuero, Terroso, humo,ciruela, mora, fruta ne...,1100586
casis, mora, frutos del...,roble, tabaco, vainilla,Terroso, hongo, humo,1213072
sandía, fresa, cereza,minerales, piedra, Terr...,ruibarbo, acelga, hierb...,1755922
roble, vainilla, tabaco,Terroso, cacao, cuero,casis, frutos del bosqu...,,1585685
pimienta, pimienta blan...,,chocolate, cigarrera, v...,ciruela, fruta negra, m...,8076009
ciruela, casis, casis,roble, chocolate, café,menta, eucalipto, canel...,2634390
cereza roja, frutos roj...,,minerales, grafito, hum...,casis, casis, mora,7680224
cuero, humo,,tabaco,,,No disponible,,,7565242
cereza, frambuesa, cere...,chocolate, roble, vaini...,cuero,,,6459566
roble, chocolate, choco...,ciruela, mora, frutos d...,cuero, Terroso, mineral...,1193414
solución salina,,,No disponible,,,No disponible,,,1313929
cuero, minerales, Terro...,frambuesa, frutos rojos...,,arándano, casis, fruta ...,7595430
roble, vainilla, chocol...,ciruela, frutos del bos...,,cuero, humo, aceto bals...,4311132
cereza, fresa, frambues...,Terroso, humo, cuero,roble, vainilla, tabaco,1408459
mora, ciruela, fruta ne...,cereza, frutos rojos, c...,pimienta,,,4467564
frutos rojos, fresa, fr...,Terroso, minerales, hum...,roble, clavo de olor, n...,5079617
cereza, fresa, frutos r...,pimienta, anís, canela,cuero, Terroso, alquitr...,75214
cereza, frambuesa, frut...,pimienta, eucalipto, re...,roble, vainilla, clavo ...,4793315
cereza, frutos rojos, f...,roble, tabaco, vainilla,cuero, Terroso, humo,15198
cereza, fresa, frambues...,minerales, hongo, Terro...,roble, vainilla, chocol...,1745052
No disponible,,,No disponible,,,No disponible,,,1930218
frambuesa, cereza, fres...,roble, tabaco, bebida c...,humo, Terroso, suelo de...,6181943
roble, chocolate, vaini...,ciruela, arándano, mora,cuero, Terroso, humo,71474
ciruela, cereza negra, ...,vainilla, roble, clavo ...,pimienta, anís, regaliz,2826181
roble, chocolate, tabac...,mora, cereza negra, fru...,Terroso, cuero, mineral...,1270954
mora, cereza negra, fru...,pimienta, anís, romero,cuero, Terroso, Carne d...,1203162
roble, vainilla, tabaco,cereza, frutos rojos, f...,cuero, Terroso,,1730187
roble, tabaco, café,ciruela, mora, casis,cereza, frutos rojos, f...,8187
cereza, frambuesa, frut...,cuero, Terroso, Carne d...,roble, vainilla, mezcla...,10535231
mora, cereza negra, cir...,pimienta, regaliz, hier...,roble, tabaco, vainilla,1508244
vainilla, roble, manteq...,cereza, fresa, frutos r...,hongo, Terroso, cuero,1156047
fruta negra, mora, casi...,roble, caramelo, cedro,cuero, humo,,1507784
mora, casis, arándano,roble, chocolate amargo...,,cuero, cacao, especias ...,11267
mora, casis, fruta negr...,vainilla, roble, tabaco,cuero, Terroso, Carne d...,2137292
No disponible,,,No disponible,,,No disponible,,,12057092
cereza, frutos rojos, f...,roble, chocolate, caram...,ciruela, cereza negra, ...,1387134
roble, vainilla, tabaco,cereza, frutos rojos, f...,cuero, humo, alquitrán,1129090
roble, vainilla, tabaco,ciruela, mora, cereza n...,cereza, frutos rojos, f...,75324
roble, vainilla, tabaco,Terroso, cuero, humo,cereza, frutos rojos, f...,1379202
cereza, cereza roja, fr...,roble, caramelo, cedro,Terroso, cuero, hongo,1149494
roble, chocolate, vaini...,mora, ciruela, casis,cereza, frutos rojos,,2323172
tabaco, vainilla,,mermelada de casis,,,cereza roja,,,1504620
ciruela, casis, casis,vainilla, roble, chocol...,Terroso, humo, cacao,7074728
roble, chocolate, vaini...,cereza, arándano rojo, ...,tomillo,,,1924069
vainilla, roble, chocol...,ciruela, casis, mora,cereza, frutos rojos, f...,1516785
roble, vainilla, tabaco,ciruela, fruta negra, m...,humo, cuero, grafito,1573255
roble, vainilla, chocol...,mora, ciruela, cereza n...,cereza, frambuesa, frut...,1181325
No disponible,,,No disponible,,,No disponible,,,1546687
cereza, frutos rojos, f...,piedra, cuero, Carne de...,casis, casis,,7476678
cereza, frambuesa, fres...,Terroso, hongo, suelo d...,roble, tabaco, cigarrer...,7386532
roble,,,No disponible,,,No disponible,,,22616
roble, mantequilla, vai...,minerales, humo, cera d...,albaricoque, pera, manz...,1189657
cereza, frambuesa, frut...,mora, frutos del bosque...,,vainilla, roble, cedro,3179374
roble, mantequilla, cho...,fruta negra, arándano,,regaliz, pimienta,,2370993
roble, chocolate, vaini...,mora, casis, fruta negr...,pimienta,,,1510225
No disponible,,,No disponible,,,No disponible,,,10241306
cereza, fresa, frambues...,roble, tabaco,,humo, Terroso, cuero,1167987
frambuesa negra, mora,,cereza,,,chocolate,,,8630748
ciruela pasa,,,alquitrán,,,No disponible,,,5741960
roble, vainilla, tabaco,mora, fruta negra, ciru...,cereza, frutos rojos, f...,1223070
cereza, frambuesa, frut...,ciruela, mora, casis,Terroso, cuero, humo,13893
frambuesa, frutos rojos...,,arándano,,,perfume,,,6379621
ciruela, mora, arándano,cereza, frambuesa, frut...,roble, vainilla, chocol...,1198800
roble, chocolate, vaini...,mora, ciruela, fruta ne...,pimienta, menta, canela,71304
frambuesa, fresa deshid...,,roble, chocolate,,casis, mora, ciruela,8886888
cereza, arándano rojo, ...,ciruela, cereza negra, ...,Terroso, minerales, cue...,1686795
frambuesa, cereza roja,...,cuero, Terroso, caucho,tabaco, mezcla de espec...,,6158873
cuero, minerales, Terro...,pimienta blanca, regali...,,roble, vainilla, bebida...,5039889
mora, frutos del bosque...,,humo, minerales,,chocolate, roble,,2908925
frutos rojos, cereza, a...,canela, pimienta, regal...,chocolate, clavo de olo...,,1726244
roble, vainilla, tabaco,cereza negra, mora, cir...,frutos rojos, fresa, ce...,9843998
roble, tabaco, vainilla,cuero, Terroso, humo,ciruela, mora, cereza n...,1205627
cereza, frambuesa, fres...,menta, hierbas secas, e...,mulberry, casis,,8732698
casis, mora, frutos del...,pimienta, eucalipto, re...,Terroso, cuero, humo,1664650
No disponible,,,No disponible,,,No disponible,,,11436801
No disponible,,,No disponible,,,No disponible,,,10947138
vainilla, cedro, clavo ...,banana, queso,,regaliz, mentol, pimien...,7709859
roble, chocolate, bebid...,fresa, frutos rojos,,frutos del bosque, cere...,,7995713
cereza, frambuesa, frut...,roble, tabaco, vainilla,casis, ciruela, fruta n...,1100305
mora, ciruela, arándano,cereza, frambuesa, frut...,Terroso, cuero, aceto b...,1411410
roble, clavo de olor, v...,mora, casis, ciruela,arándano rojo deshidrat...,,,7850611
frambuesa, cereza, arán...,polvo de granito, piedr...,,casis,,,2429224
naranja, cítrico,,fruta negra, cereza neg...,,pimienta,,,3151586
cereza, ciruela roja, c...,minerales, cuero,,arándano,,,9534126
crema,,,No disponible,,,No disponible,,,7750433
ciruela, mora, fruta ne...,roble, chocolate, vaini...,cereza, frutos rojos, f...,3504
cuero, minerales, Terro...,mora, ciruela, casis,roble, tabaco, vainilla,96869
mora, fruta negra, ciru...,roble, vainilla, café,cereza, frambuesa, frut...,8425229
fruta negra, casis, ará...,cereza, frutos rojos, f...,roble, nuez moscada, ce...,8979449
fresa, cereza, frutos r...,pimienta, regaliz, cane...,cuero, Terroso, humo,5498349
No disponible,,,No disponible,,,No disponible,,,11702096
ciruela, mora, fruta ne...,cereza, frambuesa, frut...,roble, vainilla, tabaco,78739
Terroso, cuero,,rosa seca, gardenia, pe...,regaliz,,,4709956
cereza, fresa madura,,roble,,,mora,,,8800097
cereza, frutos rojos, f...,vainilla, chocolate, ro...,pimienta, bergamota, me...,97281
cereza, frutos rojos, f...,roble, vainilla, tabaco,cuero, Terroso, humo,8483
No disponible,,,No disponible,,,No disponible,,,11864278
No disponible,,,No disponible,,,No disponible,,,2370645
Terroso, cuero, mineral...,cereza, frutos rojos, c...,roble, tabaco, cedro,1314030
frambuesa, fresa,,almendra,,,No disponible,,,2680136
cereza, frutos rojos, f...,cuero, pizarra, alquitr...,mora, cereza negra, ará...,2096623
cereza,,,cuero,,,roble,,,1158717
No disponible,,,No disponible,,,No disponible,,,9245214
frambuesa, fresa, cerez...,minerales, pizarra, hum...,roble, clavo de olor, v...,8914537
Terroso, cuero, humo,roble, cigarrera, cigar...,cereza, frutos rojos, g...,3873462
vainilla, roble, chocol...,mermelada, arándano, mo...,cereza, frutos rojos, c...,20946
cereza, frutos rojos, f...,mermelada, cítrico, pie...,humo, Terroso, minerale...,8585673
No disponible,,,No disponible,,,No disponible,,,13000667
cuero, Terroso, humo,roble, tabaco, vainilla,mora, fruta negra, cere...,3036211
fresa,,,Terroso,,,No disponible,,,6176099
frutos rojos, cereza, a...,hierbas secas,,,mezcla de especias para...,,,11276207
roble, vainilla, café,cacao, cuero, minerales,cereza, frambuesa, fres...,1900505
Terroso, humo, cuero,cereza, frambuesa, frut...,casis, fruta negra, mor...,3753812
mora, ciruela, frutos d...,roble, vainilla, tabaco,cereza, frambuesa, frut...,5913031
casis, arándano,,vainilla, chocolate, cl...,carne a la parrilla, ho...,,1169193
roble, vainilla, chocol...,ciruela, mora, frutos d...,frutos rojos, cereza, f...,4502957
roble, tabaco, chocolat...,mora, ciruela, frutos d...,Terroso, cuero, humo,1134639
cereza, frambuesa, frut...,roble, vainilla, chocol...,ciruela, mora, arándano,2364791
No disponible,,,No disponible,,,No disponible,,,1663772
mora, frutos del bosque...,,roble, vainilla, tabaco,cuero, ceniza, Terroso,4911277
mora, ciruela, casis,roble, chocolate, vaini...,cuero, Terroso, humo,80157
casis,,,cerezo ácido,,,No disponible,,,11627078
cereza, cereza roja, fr...,ciruela,,,nuez moscada,,,5438102
ciruela, mora, fruta ne...,cuero, Terroso, mineral...,cereza, frutos rojos, f...,2039503
fruta negra, frutos del...,,roble, vainilla, chocol...,cereza, cereza roja, fr...,1603859
Terroso, minerales,,ciruela,,,canela,,,9727642
pasas de uva negras,,,limón,,,No disponible,,,7777658
fresa, frutos rojos, fr...,pimienta de Jamaica, be...,,casis, boysenberry, fru...,1444927
frutos rojos, frambuesa...,,roble, vainilla, sándal...,pimienta, regaliz, ment...,7162689
chocolate, vainilla, ro...,cereza, frambuesa, arán...,ciruela, cereza negra, ...,1637735
chocolate, vainilla, ro...,ciruela, mora, jambul,cereza, frutos rojos, f...,5961876
cereza, frutos rojos, f...,chocolate, roble, cedro,mora, arándano, casis,1458328
No disponible,,,No disponible,,,No disponible,,,6767643
roble, vainilla, chocol...,cereza, frutos rojos, f...,cereza negra, ciruela, ...,1175007
fresa,,,No disponible,,,No disponible,,,10179889
mora, casis, frutos del...,roble, vainilla, cedro,pimienta, anís, regaliz,2431421
fresa, cereza, frambues...,vainilla, roble, cedro,cuero, Terroso, humo,4528600
frutos rojos, cereza, f...,roble, tabaco, vainilla,Terroso, cuero, humo,7494240
fruta negra, mora, arán...,Terroso, cuero,,roble, vainilla, chocol...,5829121
Terroso, Carne adobada,...,cereza, fresa,,ciruela, zarza,,1183633
trufa negra,,,No disponible,,,No disponible,,,6411166
vainilla, roble, tabaco,mora, ciruela, cereza n...,cereza, frutos rojos, f...,953
frambuesa, cereza, cere...,pimienta, menta, hierba...,Terroso, cuero,,1967316
aceto balsámico,,,No disponible,,,No disponible,,,9627675
cereza, frambuesa, frut...,caramelo, chocolate, ta...,violeta, perfume,,11151274
roble, vainilla, tabaco,mora, casis, fruta negr...,cuero, Terroso, humo,74426
roble, vainilla, café,cereza, frambuesa, frut...,mora, cereza negra, fru...,8188993
No disponible,,,No disponible,,,No disponible,,,11901033
ciruela, cereza negra, ...,pimienta, regaliz, ment...,cereza, fresa, frambues...,7022703
mora, fruta negra, cere...,cereza roja, cereza, fr...,roble, vainilla, chocol...,4431408
ciruela, mora, frutos d...,pimienta, regaliz, anís,Terroso, cuero, humo,1278083
cereza, arándano rojo, ...,mora, mermelada de mora...,,cuero, Terroso,,1958943
cereza, frutos rojos, f...,roble, tabaco, vainilla,cuero, Terroso, cacao,1612740
cereza, frutos rojos, f...,roble, chocolate, tabac...,Terroso, cuero, humo,2237669
casis, fruta negra, mer...,pimienta, canela,,roble,,,8707632
frambuesa, frutos rojos...,,cuero, Terroso,,cereza negra, fruta neg...,,6755157
roble, chocolate,,cereza,,,No disponible,,,7772880
cereza, frambuesa, frut...,clavo de olor, roble,,pimienta,,,1621453
ciruela, fruta negra, m...,roble, tabaco, vainilla,regaliz, tomillo, pimie...,1829660
cereza, frutos rojos, f...,Terroso, aceto balsámic...,,pimienta, hierbas secas...,,1253244
roble, vainilla, cedro,mora, cereza negra, fru...,cereza roja, cereza,,9481183
ciruela, cereza negra, ...,roble, vainilla, coco,cuero, Terroso, mineral...,1238113
Terroso, cuero,,mora, fruta negra,,cereza roja, fresa,,1258307
fresa, arándano rojo, c...,minerales, cuero, Terro...,mora, mermelada, aránda...,5990996
frutos del bosque, ciru...,,frutos rojos,,,No disponible,,,1934263
ciruela, mermelada, fru...,cereza, frutos rojos, f...,vainilla, roble, mezcla...,4185895
cereza, frambuesa, fres...,Terroso, cuero, humo,clavo de olor, roble, t...,1210913
cereza, frambuesa, frut...,ciruela, mora, cereza n...,cuero, Terroso, humo,1180745
cereza, frambuesa, fres...,Terroso, cuero, humo,pimienta, canela, ajedr...,1254804
cereza, frutos rojos, a...,ciruela, fruta negra, j...,ajedrea, pimienta, euca...,6280318
roble, vainilla, tabaco,ciruela, mora, fruta ne...,cereza, frutos rojos, f...,13428
cereza, frambuesa, frut...,mora, ciruela, cereza n...,chocolate, roble, vaini...,1210909
casis, cereza negra, ja...,cereza, frambuesa, cere...,roble, chocolate, cigar...,1915595
roble, vainilla, chocol...,ciruela, mora, frutos d...,cereza, arándano rojo, ...,1165429
cereza, frambuesa, frut...,roble, vainilla, tabaco,cuero, Terroso, humo,77496
roble, vainilla, chocol...,cereza, frutos rojos, f...,ciruela, mora, frutos d...,1142455
No disponible,,,No disponible,,,No disponible,,,9652590
mora, ciruela, fruta ne...,tabaco, roble, vainilla,frutos rojos, cereza, f...,6316420
cereza, frutos rojos, f...,cuero, Terroso, hongo,mantequilla, chocolate ...,,2321727
granada, frutos rojos, ...,roble,,,ciruela pasa, pasas de ...,,10993148
chocolate, roble, tabac...,ciruela, mora, fruta ne...,cereza, frambuesa, frut...,2068895
frutos rojos, arándano ...,,mora, fruta negra, frut...,Terroso, cuero, humo,6864086
ciruela, mora, arándano,roble, chocolate, tabac...,cuero, Terroso, mineral...,7321328
Terroso, aceto balsámic...,,ciruela, frutos del bos...,,cereza, frutos rojos, f...,5420332
ciruela, casis, mora,roble, clavo de olor, v...,Terroso, cuero, humo,5632019
casis, cereza negra, me...,roble, chocolate, tabac...,cereza, guinda, frambue...,8317751
No disponible,,,No disponible,,,No disponible,,,9843924
roble, vainilla, chocol...,fruta negra, mora, ciru...,Terroso, suelo del bosq...,,1801956
mora, arándano, cereza ...,roble, bebida cola, vai...,cereza, frambuesa, fres...,5441391
roble, chocolate, vaini...,mora, ciruela, frutos d...,cereza, frambuesa, fres...,1508822
roble, chocolate, mezcl...,fruta negra, mermelada ...,,cereza, frutos rojos,,2169951
cereza, frutos rojos, f...,roble, vainilla, tabaco,Terroso, cuero, humo,1128434
cereza, frambuesa, frut...,roble, vainilla, mezcla...,Terroso, cuero, cacao,73616
tabaco, roble, mantequi...,cereza, frutos rojos, c...,mora, arándano, casis,1195725
caramelo de regaliz, pi...,,cereza,,,No disponible,,,8866750
frambuesa, cereza roja,...,ruibarbo,,,tostada,,,3992471
mora, casis, mermelada ...,cuero,,,tabaco, chocolate, choc...,1533306
cuero,,,No disponible,,,No disponible,,,3170948
cereza Bing, cereza, gr...,tomate, pimiento,,canela, regaliz,,9898608
frambuesa, arándano roj...,,anís, regaliz, pimienta...,ciruela,,,3507026
humo, Terroso, tierra p...,frutos rojos, cereza, a...,pimienta, pimienta moli...,,4284871
cereza, fresa, arándano...,minerales, Terroso, hum...,pimienta, canela, menta,6626411
cereza, arándano rojo, ...,mora, ciruela, cereza n...,vainilla, roble, chocol...,8858069
mora, casis, arándano,roble, chocolate, tabac...,cereza, frutos rojos, f...,1546654
ciruela, mora, frutos d...,Terroso, cuero, humo,cereza, fresa, frutos r...,1289901
cereza, fresa, frutos r...,vainilla, roble, chocol...,Terroso, cacao, humo,2593
vainilla, roble, tabaco,mora, casis, fruta negr...,pimienta, hinojo,,8901
No disponible,,,No disponible,,,No disponible,,,9806077
mora, zarza, casis,cereza roja, frutos roj...,,mantequilla, roble,,5325337
cereza negra, jambul, a...,cereza roja,,,Terroso,,,7560080
No disponible,,,No disponible,,,No disponible,,,9891416
frambuesa, cereza, fres...,Terroso, suelo del bosq...,,roble, vainilla, carame...,78495
roble, vainilla, cedro,mora, frutos del bosque...,,cereza, frutos rojos, f...,1449131
nuez negra,,,ciruela,,,tabaco,,,9842279
fruta negra,,,No disponible,,,No disponible,,,5782531
cereza negra, fruta neg...,,cereza,,,eucalipto, regaliz,,1436770
cereza, frambuesa, frut...,roble, vainilla, chocol...,ciruela, mora, cereza n...,92444
mora, ciruela, casis,cereza, frambuesa, fres...,roble, chocolate, tabac...,1419183
ciruela, cereza negra, ...,ceniza, cuero, humo,cereza, granada,,8331750
cuero, Terroso, aceto b...,cereza roja, cereza, fr...,roble, cigarrera, café ...,1950120
roble, vainilla, tabaco,mora, casis, ciruela,cereza, frutos rojos, f...,1753480
roble, café, vainilla,frutos rojos, cereza,,fruta negra,,,1250243
frambuesa, frutos rojos...,,ciruela, cereza negra, ...,mentol, pimienta, pimie...,1288903
mora, ciruela,,cereza,,,No disponible,,,9402897
Terroso, humo,,galleta,,,melón,,,1187638
frambuesa, fresa salvaj...,,cuero, humo, gravilla h...,chocolate, vainilla,,1871272
roble, café, vainilla,mora, fruta negra, ciru...,aceto balsámico, Terros...,,1084760
vainilla, roble, tabaco,mora, ciruela, fruta ne...,cuero, Terroso, humo,80084
cereza,,,No disponible,,,No disponible,,,1379056
frutos rojos, frambuesa...,,minerales, Terroso, mie...,roble, tabaco, vainilla,1209763
cereza, frambuesa, fres...,Terroso, carbón de leña...,,mora, ciruela, casis,16477
ciruela, mora, casis,tabaco, vainilla, roble,cereza, frutos rojos, f...,1230613
ciruela, mora, frutos d...,Terroso, miel, cuero,roble, cedro, vainilla,1595237
tabaco,,,cuero,,,frambuesa,,,1693747
roble, vainilla,,fruta negra, casis,,cuero,,,2608523
cereza, cereza roja, fr...,casis, cereza negra, mo...,minerales, Terroso, cue...,1963703
frambuesa, cereza, fres...,ciruela, arándano, mora,regaliz, pimienta, pimi...,9684499
No disponible,,,No disponible,,,No disponible,,,9321681
ciruela,,,cereza,,,vainilla,,,1875967
frutos rojos, cereza,,No disponible,,,No disponible,,,7237965
fresa,,,No disponible,,,No disponible,,,10130944
vainilla, roble, chocol...,ciruela, arándano, casi...,pimienta, canela, regal...,1410748
cereza, arándano rojo, ...,mora, ciruela, cereza n...,aceto balsámico, caldo ...,,1147790
roble, chocolate, tabac...,fruta negra, ciruela, m...,cereza, frutos rojos, f...,1214059
crema,,,cereza,,,pimienta blanca,,,4561447
frambuesa, cereza roja,...,Terroso, humo, cuero,casis, ciruela, casis,1668287
chocolate, chocolate am...,,fruta negra, ciruela, c...,cuero, alquitrán, tiza,1486863
roble, chocolate, vaini...,cereza, frutos rojos, f...,cereza negra, ciruela, ...,2481319
frutos rojos,,,No disponible,,,No disponible,,,7191195
roble, chocolate, vaini...,cuero, Terroso, aceto b...,mora, fruta negra, ciru...,1246342
mora, fruta negra, arán...,chocolate, roble,,cereza,,,9813548
No disponible,,,No disponible,,,No disponible,,,7148127
vainilla, roble, chocol...,ciruela, mora, arándano,cereza, frutos rojos, f...,1864223
tabaco, chocolate, clav...,hojas secas, hoja de ta...,,fruta negra,,,9614075
frutos rojos,,,caramelo de regaliz, pi...,,No disponible,,,10445384
menta, pimienta, tomill...,fruta negra, frutos del...,,humo, cuero, Terroso,2396074
fresa, cereza, frambues...,Terroso, cuero, mineral...,mora, arándano, ciruela,1177260
frutos rojos,,,No disponible,,,No disponible,,,8295347
cereza, frutos rojos, f...,roble, chocolate, vaini...,mora, ciruela, arándano,3154893
frutos rojos, arándano ...,,roble, vainilla, mezcla...,mora, fruta negra, arán...,5932425
cereza, frambuesa, frut...,Terroso, minerales, piz...,chocolate, roble, mezcl...,1420689
violeta,,,queso,,,No disponible,,,8884423
frambuesa, cereza, frut...,pimienta, anís, hoja de...,hongo, Terroso, cuero,1549618
cereza, frambuesa, fres...,Terroso, hongo, corteza...,queso, crema,,2018187
mora, arándano, ciruela,tabaco, roble, chocolat...,cuero, Terroso, ceniza,5390506
fresa, frambuesa, aránd...,chocolate, caramelo, du...,mermelada,,,6105946
mora,,,menta,,,No disponible,,,6922869
roble, vainilla, chocol...,cereza, frutos rojos,,ciruela, casis,,1150796
No disponible,,,No disponible,,,No disponible,,,2148071
roble, vainilla, cedro,ciruela, mora, casis,Terroso, humo, minerale...,73565
No disponible,,,No disponible,,,No disponible,,,10443653
cereza, fresa, frambues...,Terroso, cuero, hongo,mora, cereza negra, ará...,1232743
vainilla, roble, chocol...,fruta negra, mora, casi...,cereza, frambuesa, fres...,1216613
ciruela, mora, arándano,roble, chocolate,,cereza, cereza roja, fr...,3897098
No disponible,,,No disponible,,,No disponible,,,12116895
cereza, frutos rojos, f...,roble, vainilla, tabaco,mora, cereza negra, ará...,1213542
No disponible,,,No disponible,,,No disponible,,,10443683
cereza negra, fruta neg...,,vainilla, roble, tabaco,pimienta, hoja de laure...,,5114472
cereza,,,mora, casis,,anís,,,8069711
cereza, cereza roja,,arándano,,,ciruela pasa,,,1574490
mora, ciruela, arándano,cereza, frutos rojos, f...,roble, vainilla, chocol...,2866
roble,,,No disponible,,,No disponible,,,4611102
cereza, fresa, frutos r...,pimienta, hinojo, regal...,mora, casis, arándano,1462506
roble, chocolate, vaini...,fruta negra, mora, ciru...,cuero, humo, virutas de...,1505563
Terroso, aceto balsámic...,,frambuesa, cereza, frut...,ciruela, fruta negra, m...,1313847
mermelada, ciruela, mor...,cereza, frambuesa,,Terroso,,,8948536
humo, caucho, Terroso,pimienta, anís,,cereza, cereza roja, gr...,6138042
hongo, humo, Terroso,cereza, frambuesa, frut...,frutos del bosque, merm...,,4345434
roble, tabaco, chocolat...,arándano, mora, frutos ...,frutos rojos, cereza, c...,2280694
vainilla, caramelo, cho...,pimienta, regaliz,,casis, casis, mora,3506174
cereza, frambuesa, frut...,melocotón,,,humo,,,9836828
cereza negra, ciruela, ...,cuero, Terroso, humo,cereza, fresa, arándano...,4417528
No disponible,,,No disponible,,,No disponible,,,6109741
cereza, fresa, frutos r...,Terroso, minerales, cue...,pimienta, regaliz, rega...,1183126
mora, casis,,No disponible,,,No disponible,,,8490001
cereza, frutos rojos, f...,ciruela, frutos del bos...,,vainilla, roble, chocol...,1545636
mora, fruta negra, ciru...,pimienta, regaliz, euca...,cereza, frambuesa, fres...,1199623
mora, ciruela, frutos d...,roble, vainilla, chocol...,cuero, Terroso, humo,1190319
roble, vainilla, chocol...,cereza, frutos rojos, c...,cuero, humo, Terroso,1605904
cereza, frambuesa, fres...,roble, vainilla, tabaco,aceto balsámico, cuero,...,1245368
frutos rojos, frambuesa...,,roble, vainilla, mezcla...,Terroso, aceto balsámic...,,1202700
cereza,,,aceituna negra,,,caramelo de regaliz,,,10140077
cereza,,,Terroso,,,No disponible,,,10202980
cereza, frambuesa, frut...,roble, tabaco, vainilla,mora, ciruela, frutos d...,86571
ciruela, mora, casis,roble, vainilla, chocol...,cereza, frutos rojos, f...,1291200
frambuesa, fresa, fruto...,vainilla, cigarro, café,mermelada, frutos del b...,,1513497
No disponible,,,No disponible,,,No disponible,,,12401718
cereza, frutos rojos, g...,Terroso, cuero, mineral...,roble, tabaco, mantequi...,85235
ciruela, mora, frambues...,cereza, granada, frutos...,bebida cola, roble, mez...,2180998
chocolate, roble, tabac...,mora, fruta negra, casi...,regaliz, pimienta, cane...,1368702
mora, arándano, ciruela,clavo de olor, roble,,cereza,,,9512144
chocolate, café, vainil...,ciruela, mora, frutos d...,Terroso, cuero, hongo,1322387
cereza, frutos rojos, f...,cuero, humo, pizarra,regaliz, pimienta, rome...,1408087
No disponible,,,No disponible,,,No disponible,,,11095609
roble,,,mora,,,humo,,,1630359
cereza, frambuesa, frut...,roble, tabaco, vainilla,mermelada, ciruela, cer...,1436940
roble, vainilla, chocol...,fruta negra, mora, ciru...,humo, cacao, cuero,4987019
No disponible,,,No disponible,,,No disponible,,,7490152
frambuesa, fresa, cerez...,minerales, Terroso, hum...,vainilla, roble, bebida...,2017119
cereza roja, cereza, fr...,vainilla, roble, coco,cuero, minerales, aceto...,5921222
cereza, frutos rojos, f...,cuero, Terroso, humo,roble, tabaco, cedro,779568
casis, mora,,cereza, frutos rojos,,aceto balsámico, cuero,,10200929
jambul, mora,,trufa negra,,,No disponible,,,2481107
frambuesa, cereza roja,...,ciruela, fruta negra, m...,pimienta, romero,,1279785
roble, tabaco, vainilla,arándano rojo, frambues...,,arándano, mora,,91854
café, vainilla,,cereza, guinda,,aceto balsámico, Carne ...,,19353
tabaco, chocolate,,cereza, frutos rojos,,humo,,,1200233
roble, chocolate, choco...,ciruela, mora, casis,cuero, Terroso, cacao,3164872
vainilla, roble,,casis, fruta negra,,Terroso, humo,,2093126
cereza, frambuesa, frut...,mora, ciruela, cereza n...,roble, chocolate, vaini...,78044
mora, frutos del bosque...,,roble, vainilla, tabaco,cuero, Terroso, humo,2445263
Terroso, cuero,,mora,,,pimienta,,,8713795
cacao, Terroso, carne a...,aceituna negra, mora, f...,cereza, frutos rojos, f...,1265099
cereza, fresa, frambues...,Terroso, minerales, cue...,ciruela, mora, mermelad...,1213215
No disponible,,,No disponible,,,No disponible,,,6514329
No disponible,,,No disponible,,,No disponible,,,6457121
roble, vainilla, chocol...,fruta negra, cereza neg...,,frutos rojos, arándano ...,,8389792
granada, cereza, frambu...,ciruela,,,violeta,,,5119844
frambuesa, cereza, frut...,pimienta, hierbas secas...,,Terroso, hierro, aceto ...,7450121
pimienta,,,No disponible,,,No disponible,,,9759723
roble, mantequilla, cla...,regaliz, pimienta, pimi...,fruta negra, cereza neg...,,9220215
frutos rojos, cereza, f...,roble, tabaco,,minerales, pizarra, hum...,8516795
roble, vainilla, chocol...,mora, fruta negra, casi...,humo, cuero, Terroso,4464694
cereza, frutos rojos,,No disponible,,,No disponible,,,7376356
aceto balsámico, Terros...,,vainilla, tabaco, roble,ciruela, casis, frutos ...,1382832
roble, vainilla, tabaco,mora, cereza negra, cir...,cuero, Terroso, aceto b...,1203986
mora, arándano, frutos ...,roble, tabaco, vainilla,pimienta, enebro, pimie...,2018029
roble, clavo de olor, t...,mora, fruta negra, casi...,cuero, humo, aceto bals...,1886228
mezcla de especias para...,,,fresa salvaje,,,violeta,,,5957542
roble, vainilla, cigarr...,mora, ciruela, cereza n...,cuero, humo, Terroso,7473593
No disponible,,,No disponible,,,No disponible,,,2234257
fruta negra, ciruela,,cereza,,,vainilla,,,8136247
cuero, humo, minerales,roble, chocolate, café,ciruela, frutos del bos...,,7104581
fresa, cereza,,cereza negra, mermelada,,pimienta,,,1270709
roble, vainilla, chocol...,cereza, frutos rojos, f...,cuero, Terroso, humo,1170331
cereza, frutos rojos,,frutos del bosque, ciru...,,Terroso, cuero,,9595624
ciruela, açaí, mora,roble, vainilla,,frambuesa,,,3733421
No disponible,,,No disponible,,,No disponible,,,10766989
ciruela, mora, cereza n...,cereza, fresa, frutos r...,roble, vainilla, tabaco,1161006
roble, vainilla, chocol...,ciruela, mora, cereza n...,cuero, humo, Terroso,3482
frutos del bosque, mora...,,roble, vainilla, chocol...,cuero, Terroso, humo,2372221
arándano, cereza negra,...,cereza, granada,,pimienta, ajedrea,,1178985
frambuesa, cereza, fres...,pimienta, pimienta blan...,,cereza negra, mora, mer...,10637478
No disponible,,,No disponible,,,No disponible,,,9956661
roble, vainilla, cedro,mora, casis, ciruela,regaliz, canela, pimien...,6481014
aceto balsámico, Terros...,,cereza, cereza roja,,queso,,,5028328
mora, ciruela, fruta ne...,roble, vainilla, tabaco,cuero, Terroso, mineral...,1441656
mora, fruta negra, frut...,cuero, Terroso, alquitr...,roble, vainilla, chocol...,1230458
cuero, Terroso, Carne d...,mora, ciruela, frutos d...,tabaco, roble, cedro,1240890
mora,,,cereza,,,cuero,,,2148634
roble, vainilla, chocol...,cereza, frutos rojos, f...,mora, fruta negra, ciru...,50774
pimienta, canela, hinoj...,cereza, cereza roja, fr...,cedro, sándalo, cigarro,5982772
roble, vainilla, chocol...,cereza, frutos rojos, f...,cuero, Terroso, mineral...,96855
roble, vainilla, tabaco,mora, ciruela, arándano,cuero, humo, Carne de c...,8803139
cuero, humo, alquitrán,roble, vainilla, cedro,cereza, frutos rojos, f...,1199620
ciruela, frutos del bos...,,cedro, café, chocolate ...,cuero, humo,,2320723
cereza, fresa, bebida c...,mora, frutos del bosque...,,Terroso, pizarra, humo,6373863
fruta negra, cereza neg...,,ciruela roja, frutos ro...,,regaliz, pimienta,,8313573
cereza, frambuesa, frut...,higo, ciruela pasa,,ciruela, frutos del bos...,,1502824
No disponible,,,No disponible,,,No disponible,,,6155512
Terroso, cuero, hongo,tabaco, cedro, roble,cereza, frambuesa, frut...,1188169
fresa, frutos rojos, fr...,Terroso, cuero, hongo,pimienta blanca, canela...,,4022133
cereza, fresa, frambues...,Terroso, humo, cuero,roble, vainilla, tabaco,1127343
roble, vainilla, chocol...,casis, mora, cereza neg...,cuero, Terroso, hongo,10026075
No disponible,,,No disponible,,,No disponible,,,10868396
No disponible,,,No disponible,,,No disponible,,,8581902
mora, ciruela, cereza n...,cereza, arándano rojo, ...,Terroso, cuero, miel,2247600
mora, arándano, jambul,regaliz, pimienta, anís,roble, mantequilla, vai...,1414730
No disponible,,,No disponible,,,No disponible,,,1395557
arándano rojo deshidrat...,,,manzana,,,levadura,,,7893351
frutos rojos, fresa, ce...,pimienta, canela, regal...,ciruela,,,1799229
No disponible,,,No disponible,,,No disponible,,,2045827
hongo, humo, sal,cereza,,,ciruela,,,6373869
No disponible,,,No disponible,,,No disponible,,,1662811
cereza, frutos rojos, f...,mora, arándano, frutos ...,roble, tabaco, café,5815253
cereza, frambuesa,,pimienta,,,humo,,,8424906
roble, vainilla, chocol...,cereza, arándano rojo, ...,cereza negra, fruta neg...,,9913602
vainilla, roble, cedro,pimienta, canela, menta,cereza, fresa, frutos r...,2607
No disponible,,,No disponible,,,No disponible,,,12329926
cuero, humo, Terroso,cereza, frutos rojos, f...,mora, cereza negra, cir...,6373831
ceniza, Terroso,,cereza, grosella roja,,fruta seca,,,2691620
mora, casis, frutos del...,frutos rojos, frambuesa,,vainilla, roble,,1191714
cereza, fresa, frambues...,Terroso, cuero, humo,ciruela, mora, mermelad...,1261837
No disponible,,,No disponible,,,No disponible,,,11163083
No disponible,,,No disponible,,,No disponible,,,2062586
cereza, fresa, frambues...,ciruela, fruta negra, f...,cacao, sílex,,2063949
No disponible,,,No disponible,,,No disponible,,,6918229
No disponible,,,No disponible,,,No disponible,,,7524457
romero, tomillo, salvia,casis, fruta negra, mor...,roble, chocolate, vaini...,5954350
mora, cereza negra, fru...,roble, chocolate, vaini...,cuero, Terroso, cacao,1595182
cereza, frambuesa,,naranja,,,pimienta,,,1896636
casis, ciruela, jambul,frutos rojos, cereza, c...,pimienta, pimienta verd...,,5792714
cereza, frutos rojos, f...,tabaco, café, roble,cuero,,,8886938
No disponible,,,No disponible,,,No disponible,,,1149142
frambuesa, cereza, frut...,vainilla, roble, chocol...,mermelada, mora, ciruel...,4547042
roble, chocolate, tabac...,mora, fruta negra, casi...,cereza, frutos rojos, f...,2455412
cereza, frambuesa, frut...,casis, ciruela, casis,cuero, humo,,2496108
roble, vainilla, chocol...,ciruela, mora, cereza n...,cereza, frutos rojos, f...,1679600
cereza roja, fresa, cer...,mermelada, fruta negra,...,pimienta, regaliz rojo,,8308223
jambul, casis,,pasas de uva negras, or...,,pimienta,,,6675554
roble, tabaco, vainilla,mora, cereza negra, cas...,cereza roja, arándano r...,,1809467
No disponible,,,No disponible,,,No disponible,,,9846787
tiza, cuero,,cereza,,,tabaco,,,9876372
mora, ciruela, cereza n...,caramelo de regaliz, hi...,,cuero, humo,,1446766
roble,,,No disponible,,,No disponible,,,6316610
mora, fruta negra, frut...,cereza, fresa, frambues...,pimienta, pimienta blan...,,1463780
cereza, frutos rojos, a...,roble, tabaco, vainilla,Terroso, cuero, humo,82393
Terroso, cuero, mineral...,cereza, frambuesa, frut...,mora, casis, cereza neg...,1100696
virutas de lápiz,,,No disponible,,,No disponible,,,7581690
ciruela, mora, fruta ne...,vainilla, tabaco, roble,pimienta, canela, regal...,8608856
mora, casis, cereza neg...,roble, vainilla, tabaco,cereza, frambuesa, fres...,1285597
mora, frutos del bosque...,,Terroso, cuero, grafito,cereza, frutos rojos, c...,8934452
frutos rojos, cereza, f...,pimienta, tomillo, rome...,roble, tabaco, chocolat...,1215440
roble, clavo de olor, c...,fruta negra, cereza neg...,,frutos rojos, ciruela r...,,6345336
frambuesa, cereza, fres...,ciruela, mora, cereza n...,Terroso, hongo, piedra,1169813
roble, vainilla, chocol...,ciruela, fruta negra, m...,cacao, aceto balsámico,...,1199185
cereza,,,carne a la parrilla,,,roble,,,6781397
cereza, fresa, grosella...,cítrico, naranja,,vainilla, roble, bebida...,9463375
mora, ciruela, cereza n...,vainilla, tabaco, caram...,cuero, Terroso, humo,8842875
roble, vainilla, tabaco,cereza, frambuesa, frut...,cuero, Terroso, humo,12463
No disponible,,,No disponible,,,No disponible,,,2246843
No disponible,,,No disponible,,,No disponible,,,1411333
mora, ciruela, fruta ne...,cereza, frambuesa, fres...,regaliz, pimienta, hoja...,1227805
cereza, frutos rojos, f...,roble, tabaco dulce, ca...,pimienta, canela, mento...,1165264
roble, vainilla, chocol...,ciruela, mora, fruta ne...,cereza, frutos rojos, f...,13842
roble, vainilla, chocol...,mora, ciruela, casis,cereza, frutos rojos, f...,1152010
mora, frutos del bosque...,,roble, vainilla, tabaco,cuero, Terroso, humo,4781495
cereza, frutos rojos, f...,Terroso, cacao, cuero,ciruela, jambul, cereza...,2711204
cuero,,,No disponible,,,No disponible,,,1907850
Terroso, piedra,,drupa,,,No disponible,,,1728040
chocolate, café moca, r...,cereza, frutos rojos, f...,mora, casis, frutos del...,10851641
ciruela, mora, casis,cereza, fresa, frutos r...,pimienta, anís, anís es...,1372756
mora, ciruela, casis,roble, chocolate, vaini...,minerales, cuero, humo,2570956
cereza, frutos rojos, f...,ciruela, mora, frutos d...,roble, tofi, mezcla de ...,1277719
cereza, fresa, frambues...,Terroso, cuero, hongo,roble, mantequilla, cla...,1187395
fresa, cereza, frutos r...,cuero, Terroso, humo,roble, tabaco, chocolat...,1467541
arándano rojo, cereza, ...,hierbas secas, regaliz,...,minerales, Terroso, jen...,4676926
Terroso, cuero,,frambuesa, cereza,,roble, vainilla,,1281759
cereza negra, fruta neg...,,frambuesa,,,chocolate amargo, choco...,,1238755
vainilla, cedro, roble,cereza,,,zarza, casis,,4737243
frambuesa, frutos rojos...,,mermelada, ciruela, mor...,Terroso, cuero, mineral...,1177279
ciruela, mora, fruta ne...,roble, chocolate, vaini...,Terroso, cuero, humo,6089435
Terroso, miel, minerale...,arándano, mora, ciruela,cereza, fresa, granada,3742074
arándano, ciruela,,cereza,,,No disponible,,,8299459
arándano, ciruela, mora,roble, tabaco, clavo de...,cuero, hongo,,9108703
cacao, Terroso,,fruta negra,,,chocolate amargo,,,7923306
cereza, frambuesa, fres...,roble, vainilla, tabaco,mora, ciruela, arándano,1215674
cereza, frutos rojos, a...,mora, ciruela, casis,Terroso, cuero, humo,5008625
cereza, frutos rojos, f...,vainilla,,,No disponible,,,5775474
cereza, fresa deshidrat...,,ciruela,,,arándano deshidratado,,,6914050
No disponible,,,No disponible,,,No disponible,,,11937435
grafito, hierro,,frambuesa, fresa,,cereza negra,,,9525141
cereza, frutos rojos, f...,ciruela, cereza negra, ...,roble, chocolate, vaini...,97216
fresa, cereza, frutos r...,casis, arándano, ciruel...,Terroso, cuero, humo,1964997
frutos rojos, cereza, c...,caramelo, clavo de olor...,,hoja de laurel, hierbas...,,9559604
ciruela, mora, cereza n...,cereza, frutos rojos, a...,cuero, humo, aceto bals...,8716276
cereza,,,No disponible,,,No disponible,,,9328326
ciruela, mora, arándano,chocolate, roble, vaini...,cereza, frutos rojos, c...,3989467
cuero, Terroso, humo,mora, ciruela, cereza n...,tabaco, roble, chocolat...,1206927
roble, vainilla,,cereza, frutos rojos,,pimienta,,,4781798
Terroso, Carne adobada,,queso,,,vainilla,,,6945814
roble, chocolate, vaini...,frambuesa, cereza, frut...,ciruela, mora, frutos d...,94971
vainilla, roble, chocol...,ciruela, mora, mermelad...,cereza, frutos rojos, f...,5418700
No disponible,,,No disponible,,,No disponible,,,1192016
cereza, frambuesa, cere...,chocolate, tabaco, vain...,aceto balsámico, cuero,...,6715991
No disponible,,,No disponible,,,No disponible,,,2268856
mora, arándano, ciruela,roble, vainilla, chocol...,cereza, fresa, frambues...,19437
vainilla, roble, tabaco,ciruela, mora, cereza n...,cuero, Terroso, humo,1710574
cereza negra, ciruela, ...,Terroso, cuero, hierro,chocolate, vainilla, ce...,96034
roble, cedro, chocolate,casis, mora, ciruela,cacao, cuero, suelo del...,2243136
fresa, cereza, frutos r...,mermelada, cereza negra...,,roble, café moca,,8783815
cereza, fresa, frambues...,Terroso, humo, hongo,ciruela, cereza negra, ...,4362333
cereza, frutos rojos, f...,mezcla de especias para...,,,cuero, cacao, Terroso,1161490
pimienta, canela, anís,Terroso, cuero, mineral...,mantequilla, clavo de o...,,16758
cereza, frambuesa, cere...,ciruela, arándano, mulb...,canela, pimienta, anís,14665
arándano rojo, cereza, ...,cuero, minerales,,No disponible,,,7388735
ciruela, fruta negra,,Terroso, sal,,arándano rojo, cereza r...,,6815089
frutos rojos, frambuesa...,,Terroso, humo, cuero,roble, tabaco, vainilla,6514221
tabaco, vainilla, roble,mora, ciruela, arándano,aceto balsámico, cuero,...,1182418
vainilla, roble, chocol...,cereza negra, ciruela, ...,cuero, humo, Terroso,6332143
casis, mora, ciruela,cereza, guinda, frambue...,regaliz, canela, pimien...,7164706
cereza, fresa, frutos r...,ciruela, mora, frutos d...,cuero, Terroso, humo,1144970
frutos rojos, cereza,,mora, ciruela,,violeta,,,8519863
frutos rojos, cereza,,pimienta,,,Terroso, cuero,,5479735
roble, vainilla, café,mora, casis, ciruela,cuero, Terroso, humo,1450016
cereza, fresa, frambues...,vainilla, roble, tabaco,ajedrea, canela, regali...,6732853
vainilla, roble, bebida...,cereza, frutos rojos, f...,ciruela, cereza negra, ...,9894485
chocolate, vainilla, ro...,fruta negra, mora, ciru...,frambuesa, frutos rojos...,,1181593
cereza, frambuesa, arán...,eucalipto, hierbas verd...,,roble,,,10686062
frambuesa, fresa, cerez...,Terroso, humo,,arándano, frutos del bo...,,1251782
sal, Terroso,,pimienta,,,arándano rojo,,,7490059
roble, vainilla, chocol...,mora, ciruela, fruta ne...,cereza, frutos rojos, f...,1159184
mora, ciruela, cereza n...,tabaco, chocolate, clav...,cuero, Terroso, suelo d...,5827100
mora, arándano, cereza ...,cereza, frambuesa, gros...,Terroso, miel, humo,1845955
roble, tabaco, vainilla,cuero, Terroso, humo,ciruela, mora, casis,1235255
fruta negra, ciruela, m...,regaliz, pimienta, ment...,Terroso, cuero, humo,4211543
cereza, fresa, frambues...,Terroso, minerales, cue...,mora, fruta negra, merm...,1295548
hierbas secas, mentol, ...,roble, vainilla, cedro,mora, frutos del bosque...,,2028407
cereza, frutos rojos, f...,tiza, Terroso, minerale...,No disponible,,,2711091
cuero, humo, aceto bals...,cereza, frambuesa, frut...,roble, tabaco, mezcla d...,1539254
frutos rojos, cereza, f...,pimienta blanca, mentol...,,mora, mulberry, ciruela,2684718
arándano, frutos del bo...,,roble, vainilla, chocol...,cereza, frambuesa, frut...,2610483
roble, vainilla, tabaco,cereza, frutos rojos, f...,ciruela, mora, cereza n...,1149321
cereza, fresa, frutos r...,frutos del bosque, mora...,,roble, vainilla, chocol...,1168468
cereza, frutos rojos,,fruta negra,,,regaliz,,,8561486
No disponible,,,No disponible,,,No disponible,,,6870643
frutos del bosque,,,piedra,,,No disponible,,,5196586
roble, vainilla, chocol...,frutos rojos, cereza, g...,cuero, Terroso, aceto b...,5360156
cuero, minerales, humo,roble,,,No disponible,,,1250985
ciruela, mora, mermelad...,trufa negra, Terroso,,queso,,,1571257
cereza, fresa, frambues...,roble, chocolate, tabac...,casis, frutos del bosqu...,,1445056
fruta negra, mora, arán...,cereza,,,Terroso,,,2727716
cereza, fresa, frutos r...,ciruela, mora, mermelad...,roble, vainilla, tabaco,1711316
roble, chocolate, vaini...,mora, frutos del bosque...,,humo, aceto balsámico, ...,1596712
No disponible,,,No disponible,,,No disponible,,,10825296
No disponible,,,No disponible,,,No disponible,,,3790800
mora,,,cuero,,,No disponible,,,8582002
roble, vainilla, chocol...,fruta negra, mora, ciru...,frutos rojos, cereza, f...,1552273
romero, tomillo,,albaricoque,,,vainilla,,,5130951
roble, vainilla, cedro,arándano, mora, frutos ...,anís, regaliz,,1568998
roble, vainilla, tabaco,ciruela, mora, casis,cereza, frutos rojos, f...,1478371
vainilla, caramelo, rob...,cereza, frutos rojos,,mora, arándano, ciruela,6476854
ciruela, cereza negra,,tabaco, chocolate, choc...,cereza,,,1496599
fruta negra, ciruela, m...,pimienta, hierbas secas...,,cuero, piedra,,1357678
No disponible,,,No disponible,,,No disponible,,,6832902
Terroso, cuero,,cereza negra,,,tabaco,,,9891253
roble, chocolate, choco...,cerezo ácido, cereza, a...,fruta negra, frutos del...,,3785357
roble, tabaco,,pimienta,,,queso,,,5129025
arándano rojo, frutos r...,,fruta negra, aceituna n...,,pimienta, hierbas secas...,,1360300
fruta negra, ciruela, a...,chocolate amargo, choco...,,cereza, frutos rojos, f...,2423146
roble, vainilla, chocol...,mora, casis, ciruela,cereza, frambuesa, frut...,1814122
clavo de olor, roble, v...,cereza, arándano rojo,,tostada,,,9899263
cereza, frutos rojos, f...,frutos del bosque, mora,,cuero, Terroso,,1613841
No disponible,,,No disponible,,,No disponible,,,5239231
tabaco, roble, vainilla,cuero, Terroso, piedra,fruta negra, aceituna n...,,2274547
No disponible,,,No disponible,,,No disponible,,,11880566
fresa salvaje,,,Terroso,,,No disponible,,,2120776
mora, casis, cereza neg...,chocolate, roble,,miel, cuero,,2479476
cereza, cereza al marra...,,Terroso,,,roble, vainilla,,1503045
cereza, granada, grosel...,fruta negra, ciruela, a...,pimiento, ruibarbo,,4440202
roble, tabaco, cedro,Terroso, cuero, virutas...,casis, mora, cereza neg...,1239768
frambuesa, cereza, gros...,chocolate, nuez moscada...,,yogur,,,2610309
